id,annotator,position,question,table_file,answer_coordinates,answer_text
56,0,0,Wie viele Frauen wurden in den Mitarbeiterkennzahlen (nach Köpfen) an den Berichtsstichtagen im Jahr 2021 in der Bank erfasst?,tables/hypo54.csv,"[(1, 6)]",['0']
23,0,0,Wie hoch ist die Gesamtanzahl der Vollzeitäquivalente (VZÄ) für männliche Mitarbeitende in Osteuropa?,tables/table24.csv,"[(1, 3)]",['0']
2,0,0,Wie hoch ist das Kreditrisiko von physischen Risikoarten?,tables/table3.csv,"[(1, 2)]",['mittel']
6,0,0,Wie hoch sind die direkten THG-Emissionen für Scope 1 für den Immobiliensektor?,tables/table7.csv,"[(0, 3)]",['212']
56,1,0,Wie viele Frauen arbeiteten im Bankensektor im Jahr 2022?,tables/hypo54.csv,"[(7, 4)]",['408']
7,0,0,Wie hoch war die Intensität der indirekten THG-Emissionen (kg CO2e je m2) im Nahrungsmittelsektor?,tables/table8.csv,"[(3, 4)]",['58.0']
7,1,0,Wie hoch ist die Intensität der indirekten THG-Emissionen im Finanzdienstleistungssektor?,tables/table8.csv,"[(2, 2)]",['1.207']
22,0,0,Wie viele weibliche Angestellte gibt es insgesamt auf Hierarchieebene 3?,tables/table23.csv,"[(2, 3)]",['80.64']
5,0,0, Wie hoch war die Stromintensität je konditionierter Fläche in Quadratmetern für den Finanzbereich?,tables/table6.csv,"[(1, 2)]",['177']
26,0,0,"Wie hoch war der Wert für die Alterskategorie größer als 30 und kleiner als 50 Jahre""?""",tables/table27.csv,"[(4, 1)]",['54.73']
20,0,0,Wieviel ist die gesamte Anzahl an vollzeitäquivalente?,tables/table21.csv,"[(2, 1)]",['232.65']
81,0,0,Welches Geschlecht arbeitet am häufigsten?,tables/volks77.csv,"[(2, 1)]",['M']
26,1,0,Wie viele VZÄ waren weiblich?,tables/table27.csv,"[(0, 1)]",['74.21']
24,0,0,Wie viele VZÄ waren 50 Jahre oder älter?,tables/table25.csv,"[(2, 1)]",['427.4']
32,0,0,Welches Geschlecht hatte gesamt 148.46 VZÄ?,tables/table33.csv,"[(1, 0)]",['mÃ¤nnlich']
29,0,0,Wie viele VZÄ waren in der Hirarchie-Ebene 3 weiblich?,tables/table30.csv,"[(1, 1)]",['22.54']
56,2,0,ungültig,tables/hypo54.csv,"[(2, 0)]",['MÃ¤nner']
54,0,0,Wie hoch ist der %-Anteil des Gesamtportfolios im Jahr 2023?,tables/hypo29.csv,"[(4, 1)]",['0.0736']
80,0,0,Wie hoch ist der ausstehende Beitrag der Kategorie D Energieversorgung?,tables/volks61.csv,"[(4, 1)]",['49']
20,1,0,ungültig,tables/table21.csv,"[(1, 1)]",['56.02']
21,0,0,Wie viele Mitarbeiter sind weiblich (in VZÄ),tables/table22.csv,"[(0, 1)]",['789.09']
32,1,0,Wie viel vollzeit Mitarbeiter gibt es in gesamt?,tables/table33.csv,"[(2, 1)]",['289.15']
54,1,0,Wie hoch war der Wert des Green Bonds im Jahr 2021 in Tausend Euro (TEUR)?,tables/hypo29.csv,"[(0, 3)]",['68.876']
81,1,0,Um welchen Wert änderten sich die VZA bei den angestellten Mitarbeitenden im Jahr 2023?,tables/volks77.csv,"[(6, 3)]",['1609']
22,1,0,Wie viele weibliche Vollzeitäquivalente gibt es insgesamt?,tables/table23.csv,"[(4, 1)]",['789.09']
24,1,0,Wie viele Vollzeitäquivalente gibt es in der Altersgruppe über 30 und unter 50 Jahren?,tables/table25.csv,"[(1, 1)]",['862.59']
58,0,0,Wie hoch ist der Anteil der männlichen Gesamtbelegschaft im Konzern im Jahr 2021?,tables/hypo57b.csv,"[(1, 5)]","['43,30 %']"
21,1,0,Wie viele befristet angestellte weibliche Mitarbeiter gibt es?,tables/table22.csv,"[(2, 1)]",['0.0']
78,0,0,Wie viel Druck und Kopierpapier wurde 2023 in kg im jahr 2023 verbraucht?,tables/volks60a.csv,"[(0, 2)]",['75083']
56,3,0,Lauf dem Berichtsstichtag hatten Banken im Jahr 2022 wie viele Mitarbeiter?,tables/hypo54.csv,"[(3, 4)]",['796']
80,1,0,"Wi hoch ist der ausstehende Betrag (in Mio EUR) des Industriezweigs Business Loans Listed and Unlisted Equity""?""",tables/volks61.csv,"[(0, 1)]",['12015']
8,0,0,In welchem Sektor betrug das Bruttosaldo 943 Mio. EUR?,tables/table9.csv,"[(3, 0)]",['D -  Energieversorgung']
31,0,0,In welche Alterskategorie fallen die meisten Studenten der FHV?,tables/table32.csv,"[(0, 0)]",['< 30 Jahre']
29,1,0,ungültig,tables/table30.csv,"[(0, 3)]",['40.52']
55,0,0,ungültig,tables/hypo30.csv,"[(3, 0)]",['Sonstiges']
2,1,0,ungültig,tables/table3.csv,"[(0, 2)]",['gering']
3,0,0,ungueltig,tables/table4.csv,"[(0, 1)]",['VerÃ¤nderung der Temperatur und deren VariabilitÃ¤t nach oben']
30,0,0,Wie schneidet Deutschland bei den gesamten VZA ab?,tables/table31.csv,"[(1, 2)]",['116.08']
28,0,0,Wie viele weibliche unbefristete Angestellte gibt es?,tables/table29.csv,"[(1, 1)]",['1201.98']
2,2,0,Nennen Sie eine Risikoart,tables/table3.csv,"[(2, 0)]",['Beteiligungsrisi-ko']
6,1,0,ungültig,tables/table7.csv,"[(2, 5)]",['ka']
54,2,0,In welchem Jahr war das Investment am geringsten? ,tables/hypo29.csv,"[(3, 3)]",['101.776']
28,1,0,Wie viele der Angestellten sind weiblich?,tables/table29.csv,"[(0, 1)]",['1209.98']
75,0,0,ungültig,tables/volks58.csv,"[(5, 0)]",['Volksbank Steiermark AG']
53,0,0,Wie viel Prozent des Umsatzes in EUR machte die Schweiz im Jahr 2023 aus?,tables/hypo27.csv,"[(2, 1)]",['0.69%']
25,0,0,"Welches Geschlecht hat gesamt 91,23 Stunden VZÄ vollbracht?",tables/table26.csv,"[(1, 0)]",['mÃ¤nnlich']
3,1,0,Was ist bei Kältewellen chronisch?,tables/table4.csv,"[(1, 1)]",['VerÃ¤nderung der Temperatur und deren VariabilitÃ¤t nach unten']
56,4,0,Wie viele Vorstände hatten Konzerne im Jahr 2021?,tables/hypo54.csv,"[(0, 5)]",['3']
28,2,0,Wie hoch ist der Anteil der männlichen befristeten Angestellten? ,tables/table29.csv,"[(2, 2)]",['7.0']
25,1,0,Wie hoch ist der Anteil der Vollzeitäquivalente von Personen ueber 50?,tables/table26.csv,"[(5, 1)]",['6.75']
56,5,0,Wie viele Mitarbeiter hatte der Konzern in 2021?,tables/hypo54.csv,"[(6, 5)]",['825']
57,0,0,Wie hoch war der Frauenanteil im Vorstand des Konzerns in 2022?,tables/hypo57a(problematic).csv,"[(0, 3)]","['0,0 %']"
21,2,0,Wie viele Vollzeitbeschäftigte gibt es insgesamt?,tables/table22.csv,"[(3, 3)]",['1311.45']
27,0,0,Wie groß ist das Vollzeitäquivalent für alle Geschlechter?,tables/table28.csv,"[(2, 1)]",['90']
80,2,0,Wieviel muss der Industriezewei F Bau wegen THG-Emissionen vom Jahr 2023 noch zahlen?,tables/volks61.csv,"[(6, 1)]",['318']
3,2,0,Welche Veränderung ist mit Sturmschäden verbunden?,tables/table4.csv,"[(5, 1)]",['VerÃ¤nderung von Windgeschwindigkeiten nach oben']
4,0,0, Wie hoch war die Energie in MWh aus erneuerbaren Quellen im Bereich Finanz,tables/table5.csv,"[(2, 2)]",['20249']
81,2,0,Wie viele Mitarbeitende nach Vollzeitäquivalenten (VZÄ) waren im Jahr 2023 weiblich?,tables/volks77.csv,"[(4, 3)]",['1644']
26,2,0,Wie hoch war der Anteil der Mitarbeitenden unter 30 Jahren im Jahr 2023 in Vollzeitäquivalenten (VZÄ)?,tables/table27.csv,"[(3, 1)]",['50.56']
55,1,0,Wie hoch waren die Kultur-Ausgaben in Tausend Euro im Jahr 2023?,tables/hypo30.csv,"[(2, 1)]",['16']
27,1,0,Wie viele männliche Mitarbeitende gab es in Vollzeitäquivalenten (VZÄ)?,tables/table28.csv,"[(1, 1)]",['23']
3,3,0,Welche klimatischen Veränderungen können Dürre verursachen?,tables/table4.csv,"[(3, 1)]",['VerÃ¤nderung der NiederschlagsintensitÃ¤t nach unten und/oder Temperatur nach oben']
32,2,0,Wie viele Frauen arbeiten in Vollzeitäquivalenten?,tables/table33.csv,"[(0, 1)]",['140.69']
81,3,0,Wie viele weibliche Mitarbeitende gab es im Jahr 2023 nach Köpfen?,tables/volks77.csv,"[(1, 3)]",['2259']
56,6,0,Wie viele Männer waren im Jahr 2022 in der Bank tätig?,tables/hypo54.csv,"[(5, 4)]",['344']
8,1,0,"Wie hoch waren die Emissionen (t CO2e) im Scope 1 für den Sektor Verarbeitendes Gewerbe/Herstellung von Waren""?""",tables/table9.csv,"[(2, 2)]",['1571627']
35,0,0,Wie hoch ist die geleistete Zahl an Stunden VZÄ der befristeten weiblichen Angestellten?,tables/table36.csv,"[(2, 1)]",['0.0']
86,0,0,Wie viele durchschnittliche Ausbildungsstunden hatten weibliche Mitarbeitende insgesamt?,tables/volks81.csv,"[(1, 3)]",['39.35']
64,0,0,Wie hoch ist die Veränderung der THG-Emissionen in Tonnen CO2 äquivalent der Bank im Jahr 2023,tables/hypo65d.csv,"[(3, 2)]",['-292']
60,0,0,Wie viele durchschnittliche Ausbildungsstunden pro Mitarbeiter wurden im Jahr 2023 im Konzern durchgeführt?,tables/hypo61.csv,"[(0, 1)]",['32.9']
69,0,0,Welches Kapitel im Bericht behandelt die nachhaltigen Produkte und Services im Zusammenhang mit Umwelt- und Sozialbelangen?,tables/volks24.csv,"[(1, 0)]",['Nachhaltige Veranlagung']
47,0,0,Wie hoch war der Anteil der weiblichen Angestellten Vollzeitäquivalenten?,tables/table54.csv,"[(0, 1)]",['12.12']
85,0,0,Wie viele Mitarbeitende mit Führungsverantwortung gab es im Jahr 2023?,tables/volks79d.csv,"[(0, 3)]",['422']
49,0,0,Wie hoch ist die Gesamtanzahl der Vollzeitäquivalente (VZÄ) für alle Geschlechter?,tables/table56.csv,"[(2, 0)]",['Gesamt']
70,0,0,Welches Volumen hatten die Volksbanken-Verbund-Union Fonds im Jahr 2022?,tables/volks32.csv,"[(0, 3)]",['4.898.514.567']
67,0,0,Wie hoch war der Ressourcenverbrauch für Kühlung im Jahr 2023 für Bank  (in m³)?,tables/hypo68a.csv,"[(3, 3)]",['5950']
73,0,0,Wie viele Verträge gab es im Jahr 2022 im Volksbanken-Verbund und bei ERGO Kundinnen und Kunden?,tables/volks38.csv,"[(1, 5)]",['99213']
60,1,0,Wie hoch war der Anteil der Angestellten mit Führungspositionen im Bankensektor im Jahr 2023?,tables/hypo61.csv,"[(3, 2)]",['36.3']
61,0,0,Wie haben sich die THG-Emissionen im Vergleich zum Vorjahr verändert?,tables/hypo65a.csv,"[(1, 0)]",['VerÃ¤nderung zum Vorjahr in %']
62,0,0,ungültig,tables/hypo65b.csv,"[(5, 0)]",['Strom (marktbasierte Berechnung)']
65,0,0,Wie lautet die Webseite des Hypo-Verbandes?,tables/hypo23a.csv,"[(0, 1)]",['https://www.hypoverband.at']
51,0,0,Wie viele Hotelübernachtungen (Nächte) im Konzern gab es im Jahr 2021?,tables/hypo67.csv,"[(2, 6)]",['241']
46,0,0,Wie viele Mitarbeitende unter 30 Jahren gab es insgesamt nach Vollzeitäquivalenten (VZÄ)?,tables/table53.csv,"[(0, 1)]",['6.73']
65,1,0,Wie lautet die Internetadresse der Organisation turn to zero?,tables/hypo23a.csv,"[(1, 1)]",['https://www.turntozero.com']
52,0,0,ungültig,tables/hypo26.csv,"[(3, 6)]",['1.992']
82,0,0,ungültig,tables/volks79a.csv,"[(1, 2)]",['%']
72,0,0,Wie viele gemeinsame Kundinnen und Kunden mit dem Volksbanken-Verbund gab es im Jahr 2022?,tables/volks36.csv,"[(1, 3)]",['Anzahl 48.636']
62,1,0,Wie hoch waren die THG-Emissionen durch Erdgas in Tonnen CO2-Äquivalent im Konzern 2023?,tables/hypo65b.csv,"[(1, 1)]",['176']
81,4,0,Wie viele männliche Angestellte Vollzeitäquivalente  gab es im Jahr 2023?,tables/volks77.csv,"[(7, 3)]",['142']
62,2,0,Wie hoch waren die direkten THG-Emissionen (Scope 1) im Konzern im Jahr 2022?,tables/hypo65b.csv,"[(0, 3)]",['439']
50,0,0,Wie hoch war der Gesamtverbrauch nicht erneuerbarer Brennstoffe in der Bank im Jahr 2023?,tables/hypo66.csv,"[(4, 2)]",['1.387.611']
70,1,0,Wie hoch war der Anteil nachhaltiger Fonds am Volumen Union Investment im Jahr 2021?,tables/volks32.csv,"[(1, 4)]",['37.28']
47,1,0,"Wie hoch ist die Anzahl der teilzeitbeschäftigten Angestellten, die weiblich sind?",tables/table54.csv,"[(5, 1)]",['5.42']
47,2,0,Wie hoch sind die gesamt-VZÄ für Männer?,tables/table54.csv,"[(1, 1)]",['4.08']
45,0,0,Wie hoch ist der ANteil der männlichen Vollzeit-Äquivalente in Österreich?,tables/table52.csv,"[(1, 1)]",['25.16']
67,1,0,Wie hoch ist der Anteil der Bank im Jahr 2021?,tables/hypo68a.csv,"[(2, 7)]",['5239']
59,0,0,Wieviele Ausfalltage wurden in Banken im Jahr 2023 gemeldet?,tables/hypo59.csv,"[(1, 2)]",['5851']
67,2,0,Wie hoch war der Wasserverbrauch des Konzerns in 2023?,tables/hypo68a.csv,"[(1, 2)]",['7037']
85,1,0,Wieviel % an weibliche Führungskräfte waren 2022 angestellt?,tables/volks79d.csv,"[(1, 4)]",['25']
49,1,0,Wie groß ist das VZÄ der männlichen Mitarbeitern?,tables/table56.csv,"[(1, 1)]",['0.36']
59,1,0,Wieviele Krankenstandstage pro Mitarbeiter hatten die Banken im Jahr 2023?,tables/hypo59.csv,"[(2, 2)]",['9.0']
51,1,0,Wieviel Liter Benzin verbrauchte der KFZ-Fuhrpark von Banken in 2021?,tables/hypo67.csv,"[(0, 7)]",['7.129']
67,3,0,Wie viele Kilogramm Elektroschrott fielen im Jahr 2023 in der Bank an?,tables/hypo68a.csv,"[(6, 3)]",['2146']
72,1,0,Wie hoch ist der Bestand des fairen Kredits im Volksbankenverbund im Jahr 2023?,tables/volks36.csv,"[(0, 1)]",['TEUR 721.575']
52,1,0,Wie viel tausend Euro hat der Konzern IFRS 2022 in der Kategorie Sonstige Ertraege?,tables/hypo26.csv,"[(5, 3)]",['35.796']
69,1,0,Für wen war das Kapitel Mitarbeitergesundheit und -sicherheit gedacht?,tables/volks24.csv,"[(5, 1)]",['Mitarbeitende']
84,0,0,Was sank von 2022 auf 2023?,tables/volks79c.csv,"[(0, 0)]",['Mitarbeitende ohne FÃ¼hrungsverantwortung']
46,1,0,"Was ist die Gesamtzahl der Menschen, die ueber 50 Jahre alt sind?",tables/table53.csv,"[(2, 1)]",['32.74']
83,0,0,Wie viele Vorstaende waren im Jahr 2023 beschaeftigt?,tables/volks79b.csv,"[(0, 3)]",['19']
60,2,0,Wie viel Prozent der männlichen Mitarbeiter des Konzerns befanden sich 2023 in Aus- und Weiterbildung?,tables/hypo61.csv,"[(2, 1)]",['39.8']
66,0,0, Wie oft finden Sitzungen des Aufsichtsrats statt?,tables/hypo23b.csv,"[(2, 2)]",['5 x jÃ¤hrlich']
84,1,0,Wie hoch war der Anteil der männlicher Mitarbeitenden ohne Führungsverantwortung im Jahr 2022?,tables/volks79c.csv,"[(2, 4)]",['36']
62,3,0,Wie hoch waren die THG-Emissionen durch Fernwärme (ortsbasierte Berechnung) im Jahr 2023 für die Bank?,tables/hypo65b.csv,"[(6, 2)]",['55']
52,2,0,Wie hoch war der Sachaufwand im Jahr 2023 für die Bank nach UGB in Tausend Euro?,tables/hypo26.csv,"[(7, 2)]",['-42.937']
48,0,0,Wie viele Personen sind älter als 30 und jünger als 50 Jahre in der Gesamtzahl?,tables/table55.csv,"[(4, 1)]",['10']
66,1,0, Wie oft findet die Jahreshauptversammlung der Eigentümer statt?,tables/hypo23b.csv,"[(1, 2)]",['jÃ¤hrlich']
50,1,0,Wie hoch war der Energieverbrauch in kWh für Heizöl im Jahr 2022 für die Bank?,tables/hypo66.csv,"[(2, 4)]",['98.028']
17,0,0,Wie hoch ist der Gesamtwert in Vollzeitäquivalenten für Mitarbeitende unter 30 Jahren?,tables/table18.csv,"[(0, 1)]",['1217.45']
10,0,0,Wie hoch waren die finanzierten Treibhausgasemissionen (t CO2e) im Scope 1 im Jahr 2022?,tables/table11.csv,"[(1, 2)]",['240534']
37,0,0,Wie hoch ist die Gesamtanzahl der Vollzeitäquivalente (VZÄ) für weibliche Personen?,tables/table41.csv,"[(0, 1)]",['14.6']
91,0,0,Wie hoch waren die Emissionen (in t CO2e) für Scope 2 im Sektor H - Verkehr und Lagerei?,tables/table9teil2.csv,"[(0, 3)]",['49425']
92,0,0,"Wie hoch waren die gesamten Emissionen (Scope 1+2, in t CO2e) für den Sektor T?",tables/table9teil3.csv,"[(5, 4)]",['17235']
14,0,0,Wie hoch ist die Gesamtanzahl der teilzeitbeschäftigten Angestellten (in VZÄ)?,tables/table15.csv,"[(4, 5)]",['1595.89']
118,0,0,Wie hoch war der gesamte Wärmeverbrauch aus nicht-erneuerbarer Energie im Jahr 2023 im Volksbanken-Verbund?,tables/volks59aTeil3.csv,"[(6, 3)]",['12627682']
91,1,0,Wieviele Emissionen in Tonnen CO2e können Scope 1 zugeschrieben werden?,tables/table9teil2.csv,"[(2, 2)]",['2012']
18,0,0,Wieviel Vollzeitäquivalente sind gesamt angestellt?,tables/table19.csv,"[(4, 1)]",['701.64']
37,1,0,Wie viele Vollzeitäquivalente (VZÄ) gibt es für Personen über 50 Jahre?,tables/table41.csv,"[(5, 1)]",['9.66']
33,0,0,Wie viele Vollzeitäquivalente (VZÄ) gibt es für männliche Mitarbeitende?,tables/table34.csv,"[(1, 1)]",['106.97']
86,1,0,Welches Geschlecht arbeitet am meisten?,tables/volks81.csv,"[(8, 1)]",['M']
117,0,0,Wie hoch war der Heizwärmeverbrauch aus erneuerbaren Energien für die Volksbank Tirol AG im Jahr 2023 (in kWh)?,tables/volks59aTeil2.csv,"[(1, 3)]",['658117']
116,0,0,Wie hoch war der Energieverbrauch (kWh) der Volksbank Tirol AG im Jahr 2021?,tables/volks58teil2.csv,"[(0, 3)]",['1.402.794']
87,0,0,Wie hoch war der NPS-Score der Volksbank Oberösterreich AG im Jahr 2022?,tables/volks82.csv,"[(5, 3)]",['1']
12,0,0,Wie hoch war die Gesamtmenge des gefährlichen Abfalls in Tonnen im Immobiliensektor?,tables/table13.csv,"[(1, 3)]",['0.51']
9,0,0,Wie hoch ist der PCAF Score von Scope 1 und 2 ?,tables/table10.csv,"[(3, 6)]",['4.5']
19,0,0,Wie viele VZÄ waren männlich?,tables/table20.csv,"[(1, 1)]",['800.47']
117,1,0,In welchem Jahr war die Heizwärme for erneuerbare Energie der Volksbank Vorarlberg bei 623403?,tables/volks59aTeil2.csv,"[(2, 4)]",['623403']
90,0,0,Wie hoch sind die Spareinlagen und sonstige Einlagen im Jahr 2023 in TEUR?,tables/volks90.csv,"[(5, 3)]",['22208314']
15,0,0,Wie hoch ist der Anteil der weilblichen Vollzeit-Äquivalente?,tables/table16.csv,"[(2, 1)]",['66.22']
117,2,0,In welcher Einheit wird Heizwärme gemessen? ,tables/volks59aTeil2.csv,"[(4, 2)]",['kWh']
115,0,0,Wie hoch war der Anteil der Gesamtemissionen im Jahr 2022?,tables/volks57j.csv,"[(3, 2)]",['3159106']
114,0,0,Wie groß waren die indirekten Emissionen der Volksbank Wien AG im Jah 2022?,tables/volks57i.csv,"[(2, 2)]",['701.518']
19,1,0,Wie viele Mitarbeiter gibt es insgesamt?,tables/table20.csv,"[(2, 1)]",['1522.78']
34,0,0,Wie viele weibliche Mitarbeiter gibt es?,tables/table35.csv,"[(0, 1)]",['83.97']
17,1,0,Wie groß ist die VZÄ der > 50 jährigen?,tables/table18.csv,"[(2, 1)]",['1998.99']
114,1,0,Wie groß waren die Indirekten Emissionen der Volksbank Wien AG im Jahr 2023?,tables/volks57i.csv,"[(1, 1)]",['188.925']
10,1,0,Wie hoch ist das Bruttosaldo von THG-Emissionen im Stahl-Sektor?,tables/table11.csv,"[(0, 1)]",['1114.0']
115,1,0,Wie hoch waren die indirekten Emissionen (Scope 2  market based) des gesamten Volksbanken-Verbundes im Jahr 2022?,tables/volks57j.csv,"[(1, 2)]",['1021624']
35,1,0,"Wie viele Angestellte gab es im Jahr insgesamt für die männlichen und weiblichen Mitarbeitenden, zusammen?",tables/table36.csv,"[(0, 3)]",['424.15']
18,1,0,Wie viele männliche Mitarbeitende gab es in Vollzeitäquivalenten (VZÄ),tables/table19.csv,"[(1, 1)]",['972.37']
92,1,0,Wie hoch waren die Gesamtemissionen (Scope 1+2) im Sektor Gesundheits- und Sozialwesen?,tables/table9teil3.csv,"[(2, 4)]",['8281']
90,1,0,Wie hoch war der Anteil der Firmenkunden im Ausland im Jahr 2023 in TEUR?,tables/volks90.csv,"[(3, 2)]",['92260']
18,2,0,Wie viele Mitarbeiter waren im Jahr 2023 über 50 Jahre alt in Vollzeitäquivalenten,tables/table19.csv,"[(5, 1)]",['270.03']
86,2,0,ungültig,tables/volks81.csv,"[(6, 1)]",['nan']
18,3,0,Wie hoch ist die Gesamtanzahl bei weiblichen Personen?,tables/table19.csv,"[(0, 1)]",['852.62']
37,2,0,ungültig,tables/table41.csv,"[(3, 1)]",['9.86']
89,0,0,ungültig,tables/volks87.csv,"[(0, 6)]",['nan']
36,0,0,Wie viele männliche Personen sind in der Hierachie Ebene 3?,tables/table37.csv,"[(1, 2)]",['20.0']
117,3,0,Wie hoch war der gesamte Wärmeverbrauch aus nicht-erneuerbarer Energie im Volksbanken-Verbund im Jahr 2022 in kWh?,tables/volks59aTeil2.csv,"[(6, 4)]",['16367056']
17,2,0,Wie viele Vollzeitäquivalente (VZÄ) gibt es in der Alterskategorie zwischen 30 und 50 Jahre?,tables/table18.csv,"[(1, 1)]",['3725.78']
87,1,0,Wie hoch war der NPS Score der Volksbank Niederösterreich AG im Jahr 2023?,tables/volks82.csv,"[(4, 1)]",['13']
9,1,0,In welchem Sektor des Climate Policy Reports wurde eine THG-Intensität von 155 erhoben?,tables/table10.csv,"[(2, 0)]",['transportation']
37,3,0,Welche Alterskategorie hatte den größten Anteil an VZA?,tables/table41.csv,"[(4, 0)]",['> 30 und < 50']
35,2,0,Wie hoch ist  die Gesamtanzahl von unbefristeten Angestellten?,tables/table36.csv,"[(1, 3)]",['424.15']
116,1,0,Wie viele kWh wurden 2021 gesamt vom Volksbanken-Verbund verbraucht?,tables/volks58teil2.csv,"[(3, 3)]",['12.448.661']
14,1,0,Wie viele Stunden VZAE wurden von unbefristeten weiblichen Angestellten gearbeitet?,tables/table15.csv,"[(1, 3)]",['2895.38']
18,4,0,Wieviel Vollzeitäquivalente arbeiten bei Illwerke vkw in Bregenz,tables/table19.csv,"[(2, 1)]",['1824.99']
35,3,0,Wie viele Frauen waren in Vollzeit beschäftigt?,tables/table36.csv,"[(3, 1)]",['117.55']
116,2,0,Wie viele kwh Strom verbrauchten die Unternehmen im Jahr 2022?,tables/volks58teil2.csv,"[(4, 2)]",['71']
10,2,0,Wie hoch war der Bruttosaldo 2022?,tables/table11.csv,"[(4, 1)]",['179.0']
19,2,0,Wie hoch ist die Gesamtanzahl der Vollzeitäquivalente? ,tables/table20.csv,"[(5, 1)]",['64.26']
117,4,0,Wie viel kWh per m2 wurde 2021 an Heizwaerme verbraucht?,tables/volks59aTeil2.csv,"[(7, 5)]",['106']
14,2,0,Wie hoch ist die Gesamtzahl der befristeten Angestellten?,tables/table15.csv,"[(2, 5)]",['92.48']
16,0,0,Wie viele Studnen VZÄ wurden von beiden Geschlechtern gesamt in Deutschland geleistet?,tables/table17.csv,"[(2, 2)]",['344.52']
36,1,0,ungültig,tables/table37.csv,"[(2, 0)]",['Restliche Mitarbeiter']
33,1,0,Wie hoch ist die Gesamtzahl der Vollzeitäquivalente,tables/table34.csv,"[(2, 1)]",['220.27']
18,5,0,Wie viele Personen sind jünger als 30 Jahre im Vollzeitäquivalent,tables/table19.csv,"[(3, 1)]",['853.31']
90,2,0,Wie hoch war der regional Anteil der Privatkunden im Jahr 2023?,tables/volks90.csv,"[(1, 4)]",['96.4%']
87,2,0,Wie hoch war der NPS Score für die Volksbank Kärnten eG im Jahr 2023?,tables/volks82.csv,"[(3, 1)]",['15']
94,0,0,Welche Art der Zusammenkunft haben Berater regelmäßig mit Kunden?,tables/hypo23bteil2.csv,"[(0, 1)]",[' PersÃ¶nlicher Kontakt mit Beratern']
111,0,0,Wie hoch waren die indirekten Emissionen (Scope 2  location based) der Volksbank Steiermark AG im Jahr 2023?,tables/volks57f.csv,"[(2, 1)]",['284.312']
39,0,0,Wie viele weibliche Vollzeitbeschäftigte gab es insgesamt?,tables/table43.csv,"[(3, 1)]",['943.79']
99,0,0,"Wie hoch war der Prozentsatz der Aufsichtsräte/Verwaltungsräte im Konzern, die 50 Jahre oder älter waren, im Jahr 2022?",tables/hypo57a(problematic)teil2.csv,"[(4, 3)]","['97,0 %']"
43,0,0,Wie viele männliche Mitarbeitende gab es insgesamt nach Vollzeitäquivalenten (VZÄ)?,tables/table47.csv,"[(1, 1)]",['789.94']
108,0,0,Pitanje: Wie hoch waren die direkten Emissionen (Scope 1) der Volksbank Niederösterreich AG im Jahr 2021?,tables/volks57c.csv,"[(0, 3)]",['432.733']
76,0,0,Wie viel kWh der Heizwärme wurden im Jahr 2022  von der Österreichischen Ärzte- und Apothekerbank AG durch erneuerbare Energien erzeugt?,tables/volks59a.csv,"[(0, 4)]",['12269']
93,0,0,Welcher Sektor gehört zur Alignment Metrik mit finanzierten Treibhausgasemissionen von 7811 Tonnen?,tables/table11teil2.csv,"[(2, 0)]",['Luftfahrt']
94,1,0,Wie häufig finden Kundenbefragungen mit Kunden statt?,tables/hypo23bteil2.csv,"[(7, 2)]",['regelmÃ¤Ã\x9fig']
44,0,0,Wie viele weibliche Angestellte gibt es insgesamt auf Hierarchieebene 3 in Vollzeitäquivalenten?,tables/table51.csv,"[(1, 1)]",['7.9']
94,2,0,Wie oft fand die Zusammenkunft im Bereich Beschwerdemanagement für Kunden statt?,tables/hypo23bteil2.csv,"[(4, 2)]",['bei Bedarf']
105,0,0,Welche wesentlichen Themen beschäftigen vorbildliche Arbeitgeber?,tables/volks24teil2.csv,"[(1, 0)]",['Mitarbeiterzufriedenheit']
95,0,0,Wie oft kommt der Vorstand zu einem Meeting zusammen?,tables/hypo23bteil3.csv,"[(1, 2)]",['regelmÃ¤Ã\x9fig']
120,0,0,Wie viele Tonnen CO2-Äquivalente fielen im Jahr 2023 für den Industriezweig Commercial Real Estates an?,tables/volks61teil3.csv,"[(5, 2)]",['388739']
109,0,0,In welchem Jahr sind die direkten Emissionen der Volksbank Oberösterreich AG bei 193.05?,tables/volks57d.csv,"[(0, 1)]",['193.05']
41,0,0,Wie viele sind in der Region der Betriebsstätte.1 weiblich?,tables/table45.csv,"[(1, 2)]",['59.63']
103,0,0,Wie hoch sind die THG-Emissionen bei Konzernen 2023?,tables/hypo65bTeil3.csv,"[(2, 1)]",['6']
100,0,0,Wie hoch war der Anteil von männlichen Angestellten in Fuehrungspositionen bei Banken 2023? ,tables/hypo57a(problematic)teil3.csv,"[(1, 2)]","['80,0 %']"
108,1,0,Wie hoch ist der Anteil der indirekten Emissionen 2022?,tables/volks57c.csv,"[(2, 2)]",['370.166']
40,0,0,Wie viele der restlichen Mitarbeiter sind weiblich?,tables/table44.csv,"[(2, 1)]",['1423.07']
112,0,0,Wie viele indirekte Emissionen gab es im Jahr 2021?,tables/volks57g.csv,"[(2, 3)]",['302.068']
94,3,0,Wie oft betreut das Kundenservicecenter seine Kunden?,tables/hypo23bteil2.csv,"[(2, 2)]",['regelmÃ¤Ã\x9fig']
42,0,0,Wie hoch ist die VZÄ der < 30 Jährigen?,tables/table46.csv,"[(0, 1)]",['584.45']
102,0,0,Wie viel THG-Emissionen erzeugten Banken im Jahr 2023 in Tonnen?,tables/hypo65bTeil2.csv,"[(4, 2)]",['104']
97,0,0,Wie viele Mitarbeiter in Teilzeit gab es im Jahr 2022 im Konzern?,tables/hypo54teil2.csv,"[(3, 3)]",['255']
39,1,0,"Wie viele männliche Angestellte gab es insgesamt, gemessen in Vollzeitäquivalenten?",tables/table43.csv,"[(0, 2)]",['2045.21']
103,1,0,Wie hoch waren die gesamten THG-Emissionen für Scope 1 bis 3 in Tonnen CO2-Äquivalent für den Konzern im Jahr 2022?,tables/hypo65bTeil3.csv,"[(5, 3)]",['1.863']
104,0,0,Wie hoch war der Energieverbrauch in kWh im Jahr 2023 für den Konzern?,tables/hypo66teil2.csv,"[(2, 1)]",['320.702']
43,1,0,Wie hoch war der Anteil der weiblichen Mitarbeitenden im Jahr 2023,tables/table47.csv,"[(0, 1)]",['680.14']
97,1,0,Wie viele männliche Mitarbeitende waren im Jahr 2023 in der Bank beschäftigt?,tables/hypo54teil2.csv,"[(5, 2)]",['32']
96,0,0,Wie hoch war die Stabilitätsabgabe im Jahr 2021 für die Bank nach UGB in Tausend Euro?,tables/hypo26teil2.csv,"[(5, 6)]",['-2.676']
103,2,0, Welche THG-Emissionen wurden für Konzern im Jahr 2023 für die Anfahrt externer Dienstleister gemessen?,tables/hypo65bTeil3.csv,"[(4, 1)]",['27']
43,2,0,Wie viele Personen sind in der Gesamtzahl vertreten?,tables/table47.csv,"[(2, 1)]",['1470.08']
41,1,0,ungültig,tables/table45.csv,"[(0, 0)]",['Geschlecht']
98,0,0,Wieviele Männer arbeiteten im Konzern im Jahr 2022?,tables/hypo54teil3.csv,"[(2, 3)]",['388']
41,2,0,ungültig,tables/table45.csv,"[(3, 2)]",['120.42']
98,1,0,Wie viele Mitarbeiter arbeiteten im Jahr 2022 in einer Bank (nach Köpfen),tables/hypo54teil3.csv,"[(0, 4)]",['795']
44,1,0,Wie viele männliche Vollzeitäquivalente (VZÄ) gibt es auf Ebene 2?,tables/table51.csv,"[(0, 2)]",['4.0']
96,1,0,Was wurde im Jahr 2023 in der Bank UGB um -4.434 weniger ausgeschüttet?,tables/hypo26teil2.csv,"[(2, 0)]",['Dividenden*']
44,2,0,Wie hoch ist die Vollzeitäquivalente der Frauen insgesamt?,tables/table51.csv,"[(3, 1)]",['72.34']
102,1,0,Wie hoch war der Ausstoß an THG-Emissionen des Konzerns im Jahr 2023?,tables/hypo65bTeil2.csv,"[(2, 1)]",['86']
42,1,0,Welche Alterskategorie hat einen Gesamt VZÄ von 1891.6?,tables/table46.csv,"[(1, 1)]",['1891.6']
95,1,0,Wie oft kommen geschaeftliche Kontakte und Liefernaten /externe Dienstleister zusammen?,tables/hypo23bteil3.csv,"[(2, 2)]",['regelmÃ¤Ã\x9fig']
102,2,0,ungültig,tables/hypo65bTeil2.csv,"[(1, 0)]",['Energiebezogene Emissionen (GHGP 3.3)']
103,3,0,ungültig,tables/hypo65bTeil3.csv,"[(1, 0)]",['Material (GHGP 3.1)']
99,1,0,Wie Prozent im Aufsichtsrat&Verwaltungsrat sind Maenner im Jahr 2022 Bank?,tables/hypo57a(problematic)teil2.csv,"[(1, 4)]","['80,0 %']"
105,1,0,Welche beiden wichtigen Themen wurden im Bericht angesprochen?,tables/volks24teil2.csv,"[(2, 0)]",['Vielfalt und Chancengleichheit']
40,1,0,Wie hoch ist der weibliche Anteil? ,tables/table44.csv,"[(3, 1)]",['1455.85']
106,0,0,In Welchem Jahr war die Anzahl am höchsten? ,tables/volks57a.csv,"[(2, 2)]",['26.087']
98,2,0,ungültig,tables/hypo54teil3.csv,"[(5, 0)]",['MÃ¤nner']
105,2,0,ungültig,tables/volks24teil2.csv,"[(4, 3)]",['GRI 418']
98,3,0,ungültig,tables/hypo54teil3.csv,"[(1, 0)]",['Frauen']
105,3,0,"Welche Belange gem. NaDiVeG sind im Kapitel Energie und  Klima"" aufeglistet?""",tables/volks24teil2.csv,"[(3, 2)]",['Umweltbelange']
96,2,0,Wie viel Geld (in TEUR) gab der Konzern 2021 (IFRS) für Löhne und Gehälter aus?,tables/hypo26teil2.csv,"[(1, 5)]",['-49.672']
101,0,0,Wie hoch war der Prozentsatz der Angestellten unter 30 Jahren im Jahr 2023 für die Bank?,tables/hypo57a(problematic)teil4.csv,"[(2, 2)]","['21,9 %']"
123,0,0,Wie hoch war der NPS-Score der Volksbank Salzburg eG im Jahr 2023?,tables/volks82teil2.csv,"[(0, 1)]",['17']
122,0,0,Wie viele männliche Mitarbeitende in Teilzeit gab es im Jahr 2023?,tables/volks77teil3.csv,"[(1, 3)]",['171']
123,1,0,Wie hoch war der NPS Score der Volksbank Vorarlberg im Jahr 2023?,tables/volks82teil2.csv,"[(3, 1)]",['22']
121,0,0,Wieviele Arbeiter waren 2022 angestellt?,tables/volks77teil2.csv,"[(7, 4)]",['1455']
124,0,0,Wie hoch ist die ANzahl der weiblichen Mitgliedern von Betriebsräten? ,tables/volks87teil2.csv,"[(2, 3)]",['4']
123,2,0,Wie hoch war die Beteiligungsquote im Jahr 2023?,tables/volks82teil2.csv,"[(1, 2)]",['68%']
121,1,0,Wie hoch war die Anzahl an männlichen Mitarbeitenden in Vollzeit im Jahr 2021?,tables/volks77teil2.csv,"[(6, 5)]",['1419']
122,1,0,Wie viele Mitarbeitende mit befristetem Dienstvertrag gab es im Jahr 2023 in der männlichen Gruppe?,tables/volks77teil3.csv,"[(7, 3)]",['15']
123,3,0, Wie hoch war die Beteiligungsquote bei der NPS-Umfrage im Jahr 2023 in Tirol?,tables/volks82teil2.csv,"[(2, 2)]",['70%']
15,1,0,Wie viele Vollzeitäquivalente entfielen auf Frauen in Ebene 2 der Hierarchie?,tables/table16.csv,"[(1, 1)]",['8.0']
90,3,0,"Wie hoch war der Anteil des Regional Umsatzes in Tausend Euro im Jahr 2023, in der Kategorie davon sonstige",tables/volks90.csv,"[(4, 1)]",['1937195']
93,1,0,Wie hoch ist das Bruttosaldo in Mio EUR am 31.12.2022?,tables/table11teil2.csv,"[(1, 1)]",['34.0']
111,1,0,Wie hoch sind die direkten Emissionen (Scope 1) für das Jahr 2023?,tables/volks57f.csv,"[(0, 1)]",['135.121']
48,1,0,Welche Gesamtzahl abhen Personen jünger als 30 Jahre?,tables/table55.csv,"[(3, 1)]",['1']
10,3,0,Wie hoch sind die finanzierten THG-Emissionen Scope 1 im Sektor Papier?,tables/table11.csv,"[(3, 2)]",['62762']
118,1,0,Welche Einheit hat die nicht-erneuerbare Heizwärme?,tables/volks59aTeil3.csv,"[(1, 2)]",['kWh']
73,1,0,Welche Einheit hat das Neugeschäftsvolumen an ERGO Versicherungen von Kundinnen und Kunden des Volksbaken-Verbundes?,tables/volks38.csv,"[(3, 1)]",['EUR (Produktion PrÃ¤mie)']
124,1,0,ungültig,tables/volks87teil2.csv,"[(1, 2)]",['nan']
1,0,0,Wie viele Vertreter im Vergütungsausschuss: Aufsichtsrat gibt es in der KEPLER-FONDS Kapitalgesellschaft m.b.H.?,tables/table2.csv,"[(1, 2)]",['1']
101,1,0,Wie viel Prozent an Angestellten o. Führungspositionen in der Bank sind im Jahre 2022 mänlich?,tables/hypo57a(problematic)teil4.csv,"[(1, 4)]","['37,5 %']"
44,3,0,Wie viele Vollzeitäquivalente (VZÄ) entfielen auf männliche Mitarbeiter innerhalb der restlichen Mitarbeiter?,tables/table51.csv,"[(2, 2)]",['19.16']
50,2,0,Wie hoch war der Heizenergieverbrauch in kWh innerhalb der Organisation des Bank im Jahr 2021?,tables/hypo66.csv,"[(0, 6)]",['1.382.032']
93,2,0,Wie hoch waren die finanzierten THG Emissionen (t CO2e)  für beide Scope 1 und 2 für den Sektor Schifffahrt?,tables/table11teil2.csv,"[(0, 4)]",['17567']
15,2,0,Wie viele männliche Vollzeitäquivalente gehörten zum Kontrollorgan?,tables/table16.csv,"[(0, 2)]",['24.0']
2,3,0,Welche Risikoarten gibt es?,tables/table3.csv,"[(5, 0)]",['Sonstige Risiken / Ertrags- u. ProfitabilitÃ¤tsrisiko']
124,2,0,Wie viele weiblich Mitarbeiter sind insgesamt teil des Betriebsrates beim Volksbanken-Verbund?,tables/volks87teil2.csv,"[(4, 3)]",['11']
67,4,0,Wie hoch war die Restmüllmenge des Konzerns im Jahr 2023 in Kilogramm,tables/hypo68a.csv,"[(4, 2)]",['38700']
43,3,0,Wie viele Vollzeitäquivalente (VZÄ) entfallen auf Personen im Alter von über 30 und unter 50 Jahren?,tables/table47.csv,"[(4, 1)]",['550.19']
63,0,0,Wie hoch war die Intensität der sonstige indirekte Emissionen in Tonnen nach dem Parameter Mitarbeiter im Konzern im Jahr 2022?,tables/hypo65c.csv,"[(2, 3)]",['1.61']
76,1,0,Wie hoch war der gesamte Wärmeverbrauch aus nicht-erneuerbarer Energie im Volksbanken-Verbund im Jahr 2023 in kWh?,tables/volks59a.csv,"[(6, 3)]",['12627682']
22,2,0,Wie viele weibliche Vollzeitäquivalente (VZÄ) sind im Vorstand tätig?,tables/table23.csv,"[(0, 1)]",['1.0']
33,2,0,"Wie viele Vollzeitäquivalente (VZÄ) entfallen auf Personen, die älter als 50 Jahre sind?",tables/table34.csv,"[(5, 1)]",['48.4']
16,1,0,Wie hoch ist die Anzahl männlicher Vollzeitäquivalente in Deutschland?,tables/table17.csv,"[(1, 2)]",['177.87']
11,0,0,Wie hoch ist das eingesetzte Material (in Tonnen) im Bereich Touristik?,tables/table12.csv,"[(0, 5)]",['3.65']
120,1,0,"Wie viele THG-Emissionen in Tonnen CO2e fallen im Jahr 2023 für den Industriezweig Erziehung und Unterricht"" an?""",tables/volks61teil3.csv,"[(0, 2)]",['201']
60,3,0,Wie viele durchschnittliche Ausbildungstage pro Mitarbeitenden gab es im Jahr 2023 im Konzern?,tables/hypo61.csv,"[(5, 1)]",['4.3']
57,1,0,Wie hoch war der Anteil an 50+ Jährigen Personen im Vorstand im Jahr 2023?,tables/hypo57a(problematic).csv,"[(4, 2)]","['66,7 %']"
22,3,0,Wie viele Vollzeitäquivalente (VZÄ) im Unternehmen waren weibliche Mitarbeitende?,tables/table23.csv,"[(3, 1)]",['772.45']
119,0,0,Wie stark sind die Scope 1 + 2 Emissionen in der Kategorie im Jahr gestiegen?,tables/volks61teil2.csv,"[(8, 2)]",['11806']
100,1,0,"Wie hoch war der Anteil in perzent der Angestellten mit Führungsposition, die älter als 50 Jahre waren, im Konzern 2022?",tables/hypo57a(problematic)teil3.csv,"[(4, 3)]","['54,5 %']"
31,1,0, Wie viele Vollzeitäquivalente gibt es in der Alterskategorie über 50 Jahre?,tables/table32.csv,"[(2, 1)]",['804.43']
4,1,0,Wie hoch war der Energieverbrauch innerhalb der Organisation im Bereich Nahrungsmittel in Megawattstunde ?,tables/table5.csv,"[(0, 4)]",['388932']
25,2,0,Wie viele Vollzeitäquivalente gibt es in der Alterskategorie unter 30 Jahren?,tables/table26.csv,"[(3, 1)]",['104.02']
71,1,0,Wie hoch war der CO2-Fußabdruck der Union Investment Immobilienfonds im Jahr 2023 in Anzahl,tables/volks33.csv,"[(3, 2)]",['1040404913.59']
40,2,0,Wie viele Vollzeitäquivalente (VZÄ) entfallen in der Hierarchieebene 3 auf männliche Beschäftigte?,tables/table44.csv,"[(1, 2)]",['54.0']
8,2,0,"Wie hoch sind die Emissionen (in Tonnen CO2e) aus Scope 1 und Scope 2 für den Sektor Land- und Forstwirtschaft, Fischerei?",tables/table9.csv,"[(0, 4)]",['212443']
104,1,0,Welchen Energieverbrauch (in kWh) verzeichnete der Konzern im Jahr 2021?,tables/hypo66teil2.csv,"[(3, 5)]",['5.230.182']
69,2,0,Welches wichtige Thema wurde im Bericht in einem gesonderten Kapitel behandelt?,tables/volks24.csv,"[(4, 0)]",['Digitalisierung']
89,1,0,Wie hoch war der Anteil an Frauen im Betriebsrat der Volksbanken?,tables/volks87.csv,"[(4, 3)]",['1']
115,2,0,Wie viele Scope 1 + 2 Emissionen verursachten die gesamten Volksbanken im Jahr 2022?,tables/volks57j.csv,"[(4, 2)]",['5103372']
63,1,0,Welche Intensität der THG-Emissionen in Tonnen pro Mitarbeiter wurde für die Bank 2023 gemessen?,tables/hypo65c.csv,"[(3, 2)]",['1.75']
0,0,0,"Welchen SDGs kann das Thema Klima und Energie"" zugeordnet werden?""",tables/table1.csv,"[(0, 3)]","['[7, 11, 12, 13]']"
122,2,0,Wie viele weiblichen Mitarbeiter gibt es mit befristetem Dienstvertrag 2021,tables/volks77teil3.csv,"[(6, 5)]",['20']
0,1,0,"Mit welchem strategischen Aktionsbereich besch?ftigen sich die SDGs 9, 11 und 12?",tables/table1.csv,"[(1, 1)]",['Umwelt und Zukunft']
46,2,0, Wie viele Vollzeitäquivalente fallen in die Alterskategorie zwischen 30 und 50 Jahre Alt?,tables/table53.csv,"[(1, 1)]",['58.03']
52,3,0,Wie hoch war der Zinsüberschuss der Bank im Jahr 2023 nach UGB?,tables/hypo26.csv,"[(1, 2)]",['220.219']
32,3,0,Wie viele Vollzeitäquivalente entfallen auf die Altersgruppe unter 30 Jahren?,tables/table33.csv,"[(3, 1)]",['153.48']
61,1,0,"Wie hoch waren die gesamten THG-Emissionen in Tonnen CO2-Äquivalent für Scopes 1, 2 und 3 im Konzern im Jahr 2022?",tables/hypo65a.csv,"[(0, 3)]",['1.863']
69,3,0,Welche wesentlichen Themen decken die GRI-Aspekte 201 und 203 ab?,tables/volks24.csv,"[(0, 0)]",['RegionalitÃ¤t']
35,4,0,"Wie hoch ist die Anzahl der teilzeitbeschäftigten Angestellten, die weiblich sind?",tables/table36.csv,"[(4, 1)]",['80.24']
45,1,0,Wie viele weibliche Vollzeitäquivalente gibt es in Österreich?,tables/table52.csv,"[(0, 1)]",['72.34']
89,2,0,Welche österreichische Bank hatte 2022 mehr weibliche Betriebsrätinnen als Männer?,tables/volks87.csv,"[(1, 0)]",['Ã\x96sterreichische Ã\x84rzte- und Apothekerbank AG']
58,1,0,Wie hoch war der Anteil der Frauen an der Gesamtbelegschaft des Konzerns im Jahr 2023?,tables/hypo57b.csv,"[(0, 1)]","['56,90 %']"
5,1,0,Mit welcher Einheit wird die Energieintensität in den Sektoren gemessen?,tables/table6.csv,"[(2, 0)]",['Energie kWh je kg eingesetztem Material']
13,0,0,Wie war der Durchschnitt der VZA in allen Bereichen?,tables/table14.csv,"[(1, 6)]",['2935.06']
66,2,0,Wie oft kommt der Betriebsrat zu Zusammenkünften mit der Mitarbeitergruppe?,tables/hypo23b.csv,"[(5, 2)]",['regelmÃ¤Ã\x9fig']
8,3,0,Wie hoch waren die Emissionen in Tonnen CO2e durch den Sektor Bergbau und Gewinnung von Steinen und Erden für Scope 1 im Jahr 2022?,tables/table9.csv,"[(1, 2)]",['45455']
102,3,0,Auf wie viele THG-Emissionen Äquivalente änderte sich der Wert von 2021 auf 2023?,tables/hypo65bTeil2.csv,"[(5, 2)]",['149']
51,2,0,In welcher Kategorie der Reisen wurden am wenigsten Pkm mit öffentlichen Verkehrsmitteln zurückgelegt?,tables/hypo67.csv,"[(3, 0)]",['Dienstreisen']
19,3,0,Wie viele VZÄ entallen auf die 30 bis 50 Jährigen?,tables/table20.csv,"[(4, 1)]",['785.61']
94,4,0,"Wie oft kamen Kundenmitglieder des 'Anlegermagaßin Am Puls, Magazin VORHABEN' zusammen?",tables/hypo23bteil2.csv,"[(5, 2)]",['regelmÃ¤Ã\x9fig']
55,2,0,"Wie hoch waren die Ausgaben im Dienstleistungsbereich Soziales"" im Jahr 2021 gemessen in tausenden von Euros (TEUR)?""",tables/hypo30.csv,"[(0, 3)]",['157']
80,3,0,Wie hoch sind die Ausgaben (in Gramm CO2-equivalents per Euro) für Treibhausgas-Emissionen für den Industriezweig B (Bergbau und Gewinnung von Steinen und Erden) im Jahr 2023?,tables/volks61.csv,"[(2, 3)]",['338.7']
95,2,0,Wie oft kommen die Mitglieder der umfassenden Presse und Oeffentlichkeitsarbeit zusammen?,tables/hypo23bteil3.csv,"[(0, 2)]",['regelmÃ¤Ã\x9fig']
9,2,0,Wie viele Tonnen CO2-aequivalent wurden bei Scope 1 im Sektor Gebaeude finanziert?,tables/table10.csv,"[(0, 2)]",['436241']
52,4,0,Wie viel tausend Euro wurden im Jahr 2022 von der Bank (UGB) an wirtschaftlichen Wert ausgeschuettet?,tables/hypo26.csv,"[(6, 4)]",['-81.51']
119,1,0,Wie viele Tonnen CO2-aequivalent wurden im jahre 2023 vom industriezweig H - Verkehr und Lagerei ausgestossen?,tables/volks61teil2.csv,"[(2, 0)]",['H  Verkehr und Lagerei']
56,7,0,Wie viele weibliche Mitarbeiter hat der Konzern bis zum Berichtsstichtag im Jahr 2022?,tables/hypo54.csv,"[(4, 3)]",['507']
80,4,0,"Wie hoch ist der ausstehende Betrag für Treibhausgas-Emissionen (in Millionen Euro), gemessen in CO2-e, für den Industriezweig A (Land- und Forstwirtschaft, Fischerei) im Jahr 2023?",tables/volks61.csv,"[(1, 1)]",['131']
92,2,0,In welchem Sektor waren die Gesamtemissionen für Scope 1 und Scope 2 37528 Tonnen CO2-Äquivalente?,tables/table9teil3.csv,"[(4, 0)]",['S -  Erbringung von sonstigen Dienstleistungen']
69,4,0,"Welche Themen waren im Kapitel Qualitaet der Kundenbetreuung"" waren wesentlich?""",tables/volks24.csv,"[(3, 0)]",['Kundenzufriedenheit']
122,3,0,Wie hoch war die Anzahl von maennlichen Mitarbeitenden mit unbefristetem Dienstvertrag im Jahr 2023?,tables/volks77teil3.csv,"[(4, 3)]",['1557']
41,3,0,Wie viele Stunden Vollzeitaequivalent wurden von maennlichen Mitarbeitern der Region 1 getaetigt?,tables/table45.csv,"[(2, 2)]",['60.79']
60,4,0,Wie viel prozent der Bankangestellten ohne Fuehrungsposition befanden sich 2023 in Aus- oder Weiterbildung?,tables/hypo61.csv,"[(4, 2)]",['31.4']
110,0,0,Wie viele indirekte Emissionen wurden 2023 von der Volksbank Salzburg im Scope 2 verursacht?,tables/volks57e.csv,"[(1, 1)]",['79.36']
111,2,0,Welche Emissionen betrugen im Jahr 2021 136.271 CO2-aequivalent?,tables/volks57f.csv,"[(1, 0)]",['Indirekte Emissionen (Scope 2 â\x80\x93 market based)']
75,1,0,Wie viel Strom (kWh) wurden 2022 von der Volksbank Kaernten verbraucht? eG verbraucht?,tables/volks58.csv,"[(1, 2)]",['907.862']
29,2,0,Wie viel Stunden (VZAE) der restlichen Mitarbeiter wurden von maennlichen Mitarbeitern verübt?,tables/table30.csv,"[(2, 2)]",['1546.49']
7,2,0,Wie hoch war die Intensität der direkten und indirekten THG-Emissionen von Nahrungsmitteln? (in kg CO2-aequivalent je Quadratmeter),tables/table8.csv,"[(5, 4)]",['305.0']
121,2,0,Wieviele Vollzeit Mitarbeitende arbeiten für Blum?,tables/volks77teil2.csv,"[(4, 1)]",['nan']
16,2,0,Wieviele Studierende an der FHV kommen aus Deutschland?,tables/table17.csv,"[(0, 2)]",['166.65']
32,4,0,In welche Alterskategorie fallen die meisten Angestellten der FHV,tables/table33.csv,"[(5, 0)]",['> 50']
113,0,0,Wieviel Prozentpunkte erreicht ein Student im Durchschnitt?,tables/volks57h.csv,"[(0, 2)]",['82.34']
120,2,0,"Wie hoch sind die Emissionen Scope 1 und 2 in der Kategorie Kunst, Unterhaltung und Erholung",tables/volks61teil3.csv,"[(2, 2)]",['4463']
8,4,0,"Wie hoch sind die Emissionen Scope 2 im Sektor Handel, Instandhaltung und Reparatur von Kraftfahtzeugen?",tables/table9.csv,"[(6, 3)]",['90826']
82,1,0,Wie viele Aufsichtsraete gibt es im Jahr 2023?,tables/volks79a.csv,"[(0, 3)]",['125']
61,2,0,Wie viel Prozent Aenderung im Verhaeltnis zum Basisjahr 2020 hat der Konzern 2022 bez[glich THG Emissionen?,tables/hypo65a.csv,"[(2, 3)]",['16']
66,3,0,Wie oft treffen sich Mitglieder des Aufsichtsrates_,tables/hypo23b.csv,"[(0, 2)]",['5 x jÃ¤hrlich']
109,1,0,Wie viele Emissionen verursachte die Volksbank im Jahr 2022_,tables/volks57d.csv,"[(1, 2)]",['133.496']
58,2,0,Wie groß war der Anteil an 50+ Beschäftigten im Jahr 2023?,tables/hypo57b.csv,"[(4, 2)]","['29,20 %']"
70,2,0,Was war von einer Veränderung von 6254 im Jahre 2021 auf 2023 betroffen?,tables/volks32.csv,"[(2, 0)]",['Depots mit Fondsanteilen von Union Investment']
80,5,0,Wie hoch ist der ausstehende Betrag in ?,tables/volks61.csv,"[(3, 1)]",['367']
121,3,0,Was zählt der Bericht für Mitarbeitende in Vollzeit?,tables/volks77teil2.csv,"[(5, 2)]",['Anzahl']
115,3,0,Wie groß waren die gesamten Emissionen der Volksbanken im Jahr 2023?,tables/volks57j.csv,"[(5, 1)]",['16']
25,3,0,Wie war der gesamte Anteil der VZA?,tables/table26.csv,"[(2, 1)]",['185.36']
51,3,0,In welcher Einheit wird diese Tabelle gemessen? ,tables/hypo67.csv,"[(1, 1)]",['Diesel (Liter)']
123,4,0,In welchem Jahr war die Beteiligungsquote am net promoter score am höchsten? ,tables/volks82teil2.csv,"[(4, 4)]",['67%']
36,2,0,Wie viele Gesamt-Vollzeitäquivalente (VZÄ) gibt es?,tables/table37.csv,"[(0, 3)]",['5.25']
53,1,0,In welchem Jahr ist die Anteil am Umsatz am höchsten? ,tables/hypo27.csv,"[(3, 3)]",['2.83%']
96,3,0,Wie hoch war der UGB Schwellenwert der Bank 2022? ,tables/hypo26teil2.csv,"[(3, 4)]",['6.947']
39,2,0,Wie viele weibliche Vollzeitäquivalente sind vorhanden? ,tables/table43.csv,"[(2, 1)]",['49.74']
29,3,0,Wie groß ist die gesamte VZÄ?,tables/table30.csv,"[(3, 3)]",['2919.5']
33,3,0,"Wie hoch ist die Gesamtzahl der weiblichen Personen (in Vollzeitäquivalenten, VZÄ)?",tables/table34.csv,"[(0, 1)]",['113.3']
2,4,0,"Welche Risikoart hat physisch, transitorisch und sonstig jeweils ein mittleres, mittleres und geringes Risiko?",tables/table3.csv,"[(3, 0)]",['LiquiditÃ¤tsrisiko']
119,2,0,"Wie lautet der ausstehende Betrag (in Millionen EUR) für die THG-Emissionen in der Kategorie Erbringung von freiberuflichen, wissenschaftlichen und technischen Dienstleistungen im Jahr 2023?",tables/volks61teil2.csv,"[(7, 1)]",['482']
48,2,0,"Wie lautet die Gesamtzahl (in Vollzeitäquivalenten, VZÄ) für die Kategorie Gesamt"" im Geschlecht oder Alter?""",tables/table55.csv,"[(2, 1)]",['17.2']
101,2,0,"Welches Geschlecht hatte im Jahr 2023 einen Anteil von 62,3 Prozent der Angestellten ohne Führungsposition in der Bank?",tables/hypo57a(problematic)teil4.csv,"[(0, 0)]",['Frauen']
119,3,0,In welcher Branche ist die THG - Emmission am höchsten? ,tables/volks61teil2.csv,"[(1, 0)]","['G  Handel, Instandhaltung und Reparatur von Kraftfahrzeugen']"
97,2,0,In welchem Jahr beträgt die Anzahl 515? ,tables/hypo54teil2.csv,"[(0, 4)]",['515']
114,2,0,Wie hoch waren die direkten Emissionen der Volksbank Wien AG im Jahr 2021?,tables/volks57i.csv,"[(0, 3)]",['821.826']
92,3,0,Wie hoch ist die Summe des Bruttosaldos in Mio EUR im Sektor?,tables/table9teil3.csv,"[(6, 1)]",['30437']
67,5,0,Wie hoch war der Papierverbrauch des gesamten Konzerns in kg im Jahr 2021?,tables/hypo68a.csv,"[(0, 6)]",['21537']
2,5,0,Wie hoch hist das operationelles Risiko?,tables/table3.csv,"[(4, 2)]",['gering']
60,5,0,Wie hoch war der Anteil der Frauen die 2021 im gesamten Konzern an einer Weiterbildung teilnahmen?,tables/hypo61.csv,"[(1, 5)]",['25.3']
7,3,0,Wie hoch waren die direkten THG-Emissionen in kg CO2e je m2 im Finanzdienstleistungssektor?,tables/table8.csv,"[(1, 2)]",['13.0']
105,4,0,In welchem Kapitel werden die Bekaempfung von Korruption und Besteckung im Bericht bearbeitet?,tables/volks24teil2.csv,"[(6, 1)]",['Code of Conduct und Compliance']
117,5,0,Wie hoch war der Anteil der nicht erneuerbaren Energie bei der Volksbank Nieder?sterreich AG im Jahr 2021 in kWh?,tables/volks59aTeil2.csv,"[(0, 5)]",['1618642']
20,2,0,Wie viele Stunden Vollzeitäquivalent wurden von weiblichen Mitarbeiterinnen geleistet?,tables/table21.csv,"[(0, 1)]",['176.63']
62,4,0,Wie viele Tonnen CO2 Aequivalent wurden im Jahr 2022 von der Bank im Sektor Indirekte energiebedingte Emissionen Scope 2 ausgestossen?,tables/hypo65b.csv,"[(4, 4)]",['57']
105,5,0,"Welche GRI Aspekte beschöftigen sich mit der Aus- und Weiterbildung Im Kapitel Mitarbeitende""?""",tables/volks24teil2.csv,"[(0, 3)]",['GRI 404']
89,3,0,Wie viele Betriebsräte des Volksbanken Verbund der Volksbank Niederösterreich sind weiblich?,tables/volks87.csv,"[(3, 5)]",['nan']
38,0,0,Wie viele Stunden VZÄ wurden von beiden Geschlechtern geleistet?,tables/table42.csv,"[(2, 1)]",['20.07']
57,2,0,Wie viel Prozent des Vorstands der Bank waren im Jahr 2022 männlich?,tables/hypo57a(problematic).csv,"[(1, 4)]","['100,0 %']"
121,4,0,Wie hoch ist die Zahl der Stunden VZÄ im Jahr 2022 der männlichen Lehrlinge?,tables/volks77teil2.csv,"[(3, 4)]",['16']
73,2,0,Wie viele neue Versicherungen wurden von Kundinnen und Kunden des Volksbanken-Verbundes im Jahr 2023 im Portal abgeschlossen?,tables/volks38.csv,"[(2, 3)]",['17784.0']
107,0,0,Wie viele indirekte Emissionen (Scope 2) wurden von der Volksbank Kärnten im Jahr 2023 verursacht?,tables/volks57b.csv,"[(1, 1)]",['75.777']
110,1,0,"Was waren die indirekten Emissionen (Scope 2, nach Standortmethode) der Volksbank Salzburg im Jahr 2023?",tables/volks57e.csv,"[(2, 1)]",['309.79']
100,2,0,"Wie hoch war der Prozentsatz der Mitarbeiter mit einer Führungsposition bei der Bank im Jahr 2023, die jünger als 30 Jahre alt sind?",tables/hypo57a(problematic)teil3.csv,"[(2, 2)]","['1,0 %']"
28,3,0,Wie viele vollzeitbeschäftigte Angestellte gab es insgesamt,tables/table29.csv,"[(3, 3)]",['2354.82']
47,3,0,Wie hoch ist die Gesamtanzahl der Vollzeitäquivalente in der angegebenen Alters- oder Geschlechtskategorie?,tables/table54.csv,"[(2, 1)]",['16.2']
59,2,0,Wie viele Ausfalltage durch Arbeit- und Wegunfälle wurden im Konzern im Jahr 2022 verzeichnet?,tables/hypo59.csv,"[(0, 3)]",['3']
97,3,0,Wie viele Frauen gab es 2023 im Konzern laut Mitarbeiterkennzahlen?,tables/hypo54teil2.csv,"[(4, 1)]",['231']
66,4,0, Welche Gruppe trifft sich bei Bedarf und hat Whistleblowing-Mitglieder?,tables/hypo23b.csv,"[(7, 0)]",['Mitarbeiter']
95,3,0,Welche Gruppe trifft sich regelmäßig und hat Mitglieder aus dem Verhaltenskodex?,tables/hypo23bteil3.csv,"[(3, 0)]",['Lieferanten / Externe Dienstleister']
60,6,0,Wie hoch war der Wert für Männer bei der Aus- und Weiterbildung im Jahr 2023 im Konzern?,tables/hypo61.csv,"[(7, 1)]",['5.1']
65,2,0,Welche Organisation ist mit der Webseite https://bei-sg.ch verknüpft?,tables/hypo23a.csv,"[(2, 0)]",['Business Engineering Institute St. Gallen']
49,2,0,Wie hoch ist der Gesamtwert in Vollzeitäquivalenten für weibliche Mitarbeitende?,tables/table56.csv,"[(0, 1)]",['6.46']
124,3,0,Wie hoch ist die Anzahl der weiblichen Betriebsräte der Volksbank Vorarlberg e. Gen.  im Jahr 2022?,tables/volks87teil2.csv,"[(3, 5)]",['nan']
113,1,0,Wie viele indirekten Emissionen wurden von der Volksbank Vorarlberg e. Gen. im Jahr 2022 verursacht?,tables/volks57h.csv,"[(2, 2)]",['190.31']
118,2,0,Welche EInheit hat die Heizwärme der Nicht erneuerbaren Energien?,tables/volks59aTeil3.csv,"[(4, 2)]",['kWh']
45,2,0,"Wie hoch ist der gesamt Vollzeitäquivalenten in Osteuropa, Deutschland und Östereich zusammen?",tables/table52.csv,"[(2, 4)]",['97.5']
57,3,0, Welcher Anteil der Vorstandsmitglieder im Konzern und in der Bank war im Jahr 2023 zwischen 30 und 49 Jahre alt?,tables/hypo57a(problematic).csv,"[(3, 1)]","['33,3 %']"
64,1,0,Wie groß war die Veränderung der indirekten energiebedingten Treibhausgasemissionen in Tonnen CO2-Äquivalent (Scope 2) für die Bank im Jahr 2023?,tables/hypo65d.csv,"[(1, 2)]",['-2']
119,4,0,"Wie hoch sind die Treibhausgasemissionen in Tonnen CO2-Äquivalent (Scope 1 + 2) für die öffentliche Verwaltung, Verteidigung und Sozialversicherung im Jahr 2023?",tables/volks61teil2.csv,"[(0, 2)]",['123893']
94,5,0,Wie häufig findet die Kundenkommunikation mit Kunden statt?,tables/hypo23bteil2.csv,"[(1, 2)]",['regelmÃ¤Ã\x9fig']
101,3,0,Welcher Anteil der Angestellten ohne Führungsposition im Konzern war im Jahr 2022 zwischen 30 und 49 Jahre alt?,tables/hypo57a(problematic)teil4.csv,"[(3, 3)]","['52,7 %']"
81,5,0, Wie viele Mitarbeitende nach Köpfen wurden im Jahr 2023 gezählt?,tables/volks77.csv,"[(0, 3)]",['3791']
95,4,0, Wie häufig findet die Kommunikation mit Investoren im Rahmen der Presse- und Öffentlichkeitsarbeit statt?,tables/hypo23bteil3.csv,"[(6, 2)]",['regelmÃ¤Ã\x9fig']
28,4,0,Wie hoch ist die Gesamtanzahl der teilzeitbeschäftigten Angestellten in Vollzeitäquivalenten?,tables/table29.csv,"[(4, 3)]",['564.69']
98,4,0,Wie viele Frauen waren in den Jahren 2021 in der Bank als Mitarbeiterinnen aktiv?,tables/hypo54teil3.csv,"[(4, 5)]",['4']
76,2,0,Wie hoch war der spezifische Wärmeverbrauch der Volksbanken im Jahr 2023 pro Quadratmeter in kWh?,tables/volks59a.csv,"[(7, 3)]",['94']
71,2,0,Wie hoch war die CO2-Intensität der Immobilienfonds im Jahr 2022?,tables/volks33.csv,"[(2, 3)]",['29.79']
50,3,0,Wie hoch war der Energieverbrauch des Fuhrparks innerhalb der Organisation im Jahr 2023 in kWh?,tables/hypo66.csv,"[(3, 2)]",['421.901']
93,3,0,Wie hoch sind die finanzierten THV-Emissionen in t CO2e im Scope 2?,tables/table11teil2.csv,"[(3, 3)]",['1.217']
7,4,0,Wie hoch war die Intensität der direkten und indirekten Treibhausgasemissionen im Finanzdienstleistungssektor im Jahr 2022 in kg CO2e je Vollzeitäquivalent?,tables/table8.csv,"[(4, 2)]",['1.712']
3,4,0,Welches Ereignis beschreibt die Veränderung der Niederschlagsintensität nach oben?,tables/table4.csv,"[(2, 0)]",['Starkregen']
76,3,0,Wie viel Heizwärme aus erneuerbarer Energie wurde für die Volksbank Oberösterreich AG im Jahr 2023 in kWh verbraucht?,tables/volks59a.csv,"[(3, 3)]",['859288']
75,2,0,Wie hoch war der Energieverbrauch der Volksbank Oberösterreich AG im Jahr 2021 in kWh?,tables/volks58.csv,"[(3, 3)]",['1.276.489']
92,4,0,"Wie hoch waren die Emissionen (t CO2e) im Jahr 2022 für Scope 1 und Scope 2 im Sektor Erziehung und Unterricht""?""",tables/table9teil3.csv,"[(1, 4)]",['284']
119,5,0,"Wie hoch war der Wert für die THG-Emissionen in tonen CO2e für die Kategorie Erbringung von Finanz- und Versicherungs-Dienstleistungen""""",tables/volks61teil2.csv,"[(5, 2)]",['29021']
34,1,0,Wie hoch war der Anteil der männlichen Mitarbeiter in Gesamt  Vollzeitäquivalente?,tables/table35.csv,"[(1, 1)]",['47.5']
118,3,0,Wie hoch war der spezifische Wärmeverbrauch des Volksbanken-Verbunds im Jahr 2022 in kWh pro m²?,tables/volks59aTeil3.csv,"[(7, 4)]",['102']
7,5,0,Wie hoch war die Intensität der direkten Treibhausgasemissionen (kg CO2e je VZÄ) im Bereich Immobilien?,tables/table8.csv,"[(0, 3)]",['501']
93,4,0,Wie hoch war der Bruttosaldo in Millionen Euro zum 31.12.2022 für die Summe der finanzierten Treibhausgasemissionen?,tables/table11teil2.csv,"[(4, 1)]",['3.179']
47,4,0,Wie hoch ist die Gesamtanzahl der Vollzeitäquivalente (VZÄ) für Personen unter 30 Jahren?,tables/table54.csv,"[(3, 1)]",['1.37']
68,0,0,Welche Klimaschutzprojekte wurden 2023 im Bereich Abfallmanagement und Bildung in Rumänien durchgeführt?,tables/hypo68b.csv,"[(2, 0)]",['Kreislaufwirtschaft durch Plastikrecycling']
33,4,0,Wie hoch ist die Gesamtanzahl der Vollzeitäquivalente (VZÄ) für Personen zwischen 30 und 50 Jahren?,tables/table34.csv,"[(4, 1)]",['90.03']
51,4,0,Wie viele Personenkilometer (Pkm) wurden 2023 für Dienstreisen im Konzern mit Taxi/PKW zurückgelegt?,tables/hypo67.csv,"[(5, 2)]",['69.665']
76,4,0,Wie viel Heizwärme aus erneuerbarer Energie hat die Volksbank Kärnten eG im Jahr 2023 in Kilowattstunden (kWh) genutzt?,tables/volks59a.csv,"[(1, 3)]",['614059']
83,1,0,Wie hoch war der Anteil männlicher Vorstände (in Prozent) im Jahr 2023?,tables/volks79b.csv,"[(2, 3)]",['95']
91,2,0,"Wie hoch sind die Gesamtemissionen (t CO2e  Scope 1+2) für den Sektor N - Erbringung von sonstigen wirtschaftlichen Dienstleistungen""?""",tables/table9teil2.csv,"[(6, 4)]",['11046']
96,4,0,Wie hoch waren die Ausgaben für Spenden und Sponsorings (in TEUR) im Jahr 2023 im Konzern nach IFRS?,tables/hypo26teil2.csv,"[(0, 1)]",['-1.256']
99,2,0,Welcher Prozentsatz des Aufsichtsrats/Verwaltungsrats war im Jahr 2022 im Konzern zwischen 30 und 49 Jahre alt?,tables/hypo57a(problematic)teil2.csv,"[(3, 3)]","['3,0 %']"
64,2,0,Wie hoch war die Veränderung der sonstigen indirekten Treibhausgasemissionen (Scope 3) im Jahr 2022 im Konzern?,tables/hypo65d.csv,"[(2, 3)]",['348']
33,5,0,Wie hoch ist die Gesamtanzahl der Vollzeitäquivalente (VZÄ) für Personen unter 30 Jahren?,tables/table34.csv,"[(3, 1)]",['81.83']
30,1,0,Wie viele Vollzeitäquivalente (VZÄ) gibt es insgesamt für weibliche Mitarbeitende in Österreich?,tables/table31.csv,"[(0, 1)]",['933.91']
121,5,0,Wie viele weibliche Lehrlinge (in VZÄ) gab es im Jahr 2023?,tables/volks77teil2.csv,"[(2, 3)]",['33']
68,1,0,Welches Klimaschutzprojekt wurde 2023 in Uganda im Bereich Wasseraufbereitung durchgeführt?,tables/hypo68b.csv,"[(1, 0)]",['Durch UV-Strahlung zu sauberem Trinkwasser']
48,3,0,Wie hoch ist die Gesamtanzahl der Vollzeitäquivalente (VZÄ) für Personen über 50 Jahre?,tables/table55.csv,"[(5, 1)]",['6.2']
116,3,0,Wie hoch war der Energieverbrauch (in kWh) der Volksbank Wien AG im Jahr 2023?,tables/volks58teil2.csv,"[(2, 1)]",['2.531.026']
19,4,0,Wie hoch ist die Gesamtanzahl der Vollzeitäquivalente (VZÄ) für Personen unter 30 Jahren?,tables/table20.csv,"[(3, 1)]",['672.9']
4,2,0,Wie hoch ist der Gesamtstromverbrauch (in MWh) für alle Sektoren zusammen?,tables/table5.csv,"[(3, 6)]",['108064']
120,3,0,Wie hoch sind die Treibhausgasemissionen (in t CO2e) für Scope 1 + 2 in der Kategorie T - U Sonstige?,tables/volks61teil3.csv,"[(4, 2)]",['6876']
24,2,0,Wie hoch ist die Gesamtanzahl der Vollzeitäquivalente (VZÄ) für Personen unter 30 Jahren?,tables/table25.csv,"[(0, 1)]",['385.43']
118,4,0,Wie hoch war der Heizwärmeverbrauch (in kWh) aus nicht-erneuerbarer Energie der Volksbank Oberösterreich AG im Jahr 2023?,tables/volks59aTeil3.csv,"[(0, 3)]",['790878']
122,4,0,Wie viele weibliche Mitarbeitende hatten im Jahr 2022 einen unbefristeten Dienstvertrag?,tables/volks77teil3.csv,"[(3, 4)]",['2058']
19,5,0,Wie hoch ist die Gesamtanzahl der Vollzeitäquivalente (VZÄ) für weibliche Mitarbeitende?,tables/table20.csv,"[(0, 1)]",['722.31']
63,2,0,Wie hoch war die Intensität der direkten THG-Emissionen (Scope 1) pro Mitarbeiter im Konzern im Jahr 2022?,tables/hypo65c.csv,"[(0, 3)]",['0.52']
102,4,0,Wie viele Tonnen CO2-Äquivalent wurden durch den Pendelverkehr im Konzern im Jahr 2022 emittiert?,tables/hypo65bTeil2.csv,"[(3, 3)]",['494']
48,4,0,Wie hoch ist die Gesamtanzahl der Vollzeitäquivalente (VZÄ) für männliche Mitarbeitende?,tables/table55.csv,"[(1, 1)]",['3']
15,3,0,Wie hoch ist die Gesamtanzahl der Vollzeitäquivalente (VZÄ) für die weiblichen Mitarbeitenden in der Hierarchie Restliche Mitarbeiter?,tables/table16.csv,"[(3, 1)]",['2859.84']
100,3,0,Wie hoch war der Anteil der Frauen in Führungspositionen im Jahr 2023 im Konzern?,tables/hypo57a(problematic)teil3.csv,"[(0, 1)]","['19,5 %']"
91,3,0,Wie hoch waren die Emissionen (in Tonnen CO2e) im Sektor Erbringung von Finanz- und Versicherungsdienstleistungen im Jahr 2022 für Scope 1 und 2?,tables/table9teil2.csv,"[(3, 4)]",['28704']
91,4,0,Wie hoch waren die Emissionen (in Tonnen CO2e) für Scope 1 im Sektor Erbringung von freiberuflichen wissenschaftlichen und technischen Dienstleistungen im Jahr 2022?,tables/table9teil2.csv,"[(5, 2)]",['9505']
108,2,0,Wie hoch waren die indirekten Emissionen (Scope 2  market based) der Volksbank Niederösterreich AG im Jahr 2023?,tables/volks57c.csv,"[(1, 1)]",['41.071']
83,2,0,Wie hoch ist der Anteil in Prozent der weiblichen Vorstände im Jahr 2023?,tables/volks79b.csv,"[(1, 3)]",['5']
115,4,0,"Wie hoch waren die Gesamtemissionen pro m² (Scope 1 + 2, location based) im Jahr 2023?",tables/volks57j.csv,"[(6, 1)]",['31']
5,2,0,Wie hoch war der Stromverbrauch (in kWh je VZÄ) im Finanzbereich?,tables/table6.csv,"[(0, 2)]",['6674']
120,4,0,"Wie hoch sind die THG-Emissionen für die Kategorie Erbringung von sonstigen Dienstleistungen"" im Jahr 2023 (in t CO2e)?""",tables/volks61teil3.csv,"[(3, 2)]",['2994']
118,5,0,Wie hoch war der Heizwärmeverbrauch für die VOLKSBANK WIEN AG im Jahr 2023 (in kWh) aus nicht erneuerbaren Energiequellen?,tables/volks59aTeil3.csv,"[(5, 3)]",['1689114']
106,1,0,Wie hoch waren die indirekten Emissionen (Scope 2  market based) der Österreichischen Ärzte- und Apothekerbank AG im Jahr 2023 (in t CO2e)?,tables/volks57a.csv,"[(1, 1)]",['6.409']
77,0,0,Wie hoch war der spezifische Energieverbrauch des Volksbanken-Verbunds im Jahr 2023 in kWh pro m²?,tables/volks59b.csv,"[(1, 2)]",['172']
89,4,0,Wie viele männliche Betriebsräte gab es in der Volksbank Kärnten eG im Jahr 2023?,tables/volks87.csv,"[(2, 4)]",['6']
87,3,0,Wie hoch war der NPS-Score der Österreichischen Ärzte- und Apothekerbank AG im Jahr 2022?,tables/volks82.csv,"[(0, 3)]",['-10']
0,2,0,Wie hoch war der NPS-Score der Österreichischen Ärzte- und Apothekerbank AG im Jahr 2022?,tables/table1.csv,"[(2, 2)]",['Eigene Mitarbeiter']
34,2,0,Wieviele Vollzeitäquivalente sind gesamthaft angestellt?,tables/table35.csv,"[(2, 1)]",['131.47']
48,5,0,Wieviele Vollzeitäquivalente sind gesamthaft angestellt?,tables/table55.csv,"[(0, 1)]",['14.2']
0,3,0,Welches wesentliches Thema beschäftigt angehende Führungskräfte?,tables/table1.csv,"[(3, 2)]",['Unternehmerisches Handeln']
66,5,0,Welcher Gruppe sind die studentischen Mitarbeiter zugeordnet?,tables/hypo23b.csv,"[(3, 0)]",['Mitarbeiter']
90,4,0,Was war der Modus der letzten Prüfung in Prozent?,tables/volks90.csv,"[(6, 3)]",['99.79%']
4,3,0,Wie hoch war der Gesamtverbrauch an Strom?,tables/table5.csv,"[(4, 6)]",['281626']
9,3,0,Wie sind die Klima Policies der relevanten Sektoren eignestellt?,tables/table10.csv,"[(1, 0)]",['energy-intensive']
97,4,0,Wie viele männliche Mitarbeiter hatten Banken im Jahr 2023?,tables/hypo54teil2.csv,"[(2, 2)]",['305']
50,4,0,Wie hoch war der Erdgas-Energieverbrauch in kWh im Jahr 2021 für Konzerne?,tables/hypo66.csv,"[(1, 5)]",['1.344.934']
103,4,0,"Wie hoch waren die Treibhausgas-Emissionen für Banken im Jahr 2022, gemessen in Tonnen CO2-eq?",tables/hypo65bTeil3.csv,"[(0, 4)]",['20']
80,6,0,Welcher Industriezweig musste 2023 insgesamt 38 Millionen Euro für Scope 1 und Scope 2 zahlen?,tables/volks61.csv,"[(5, 0)]","['E  Wasserversorgung, Abwasser- und Abfallentsorgung und Beseitigung von Umweltverschmutzungen']"
31,2,0,Wie viele VZÄ waren zwischen 30 und  50 Jahre alt?,tables/table32.csv,"[(1, 1)]",['1553.83']
14,3,0,Wie viele Angestellte sind weiblich?,tables/table15.csv,"[(0, 3)]",['2935.06']
97,5,0,Wie viele Mitarbeiter waren 2023 in Konzernen?,tables/hypo54teil2.csv,"[(1, 1)]",['238']
21,3,0,In welcher Kategoier waren 295.56 weiblich?,tables/table22.csv,"[(4, 0)]",['Zahl der teilzeitbeschÃ¤ftigten Angestellten']
96,5,0,Wie viele gesetzlich vorgeschriebenen Sozialaufwendungen hatten Banken 2021?,tables/hypo26teil2.csv,"[(6, 6)]",['-11.213']
86,3,0,Wie viele Ausbildungsstunden wurden durchschnittlich für weibliche Mitarbeitende mit Führungsverantwortung aufgewendet?,tables/volks81.csv,"[(7, 3)]",['70.23']
119,6,0,Welcher Industriezweig hatte 2023 1294 Tonnen CO2-Äquivalente für Scope 1 + 2?,tables/volks61teil2.csv,"[(4, 0)]",['J  Information und Kommunikation']
37,4,0,Wie viele VZÄ waren männlich?,tables/table41.csv,"[(1, 1)]",['22.52']
99,3,0,"In welchem Jahr waren 18,2% des Aufsichtsrat/Verwaltungsrat für Konzerne Frauen?",tables/hypo57a(problematic)teil2.csv,"[(0, 1)]","['18,2 %']"
119,7,0,Welcher Industriezweig hatte 216 Tonne CO2-Äquivalente für Scope 1 + 2?,tables/volks61teil2.csv,"[(6, 0)]",['L  GrundstÃ¼cks- und Wohnungswesen']
76,5,0,Welche Einheit hat Heizwärme in Form von erneuerbarer Energie für die Volksbandk Niederösterreich AG?,tables/volks59a.csv,"[(2, 2)]",['kWh']
62,5,0,In welchem Jahr waren 25 Tonnen CO2-Äquivalente  THG-Emissionen für Heizwärme?,tables/hypo65b.csv,"[(2, 2)]",['25']
80,7,0,"Wie hoch ist der ausstehende Betrag für Scope 1 + 2 in Millionen Euro für den Industriezweig Handel, Instandhaltung und Reparatur von Kraftfahrzeugen?",tables/volks61.csv,"[(7, 1)]",['821']
47,5,0,Wie hoch ist der ANteil der Vollzeitäquivalente bei Personen ueber 30 aber unter 50? ,tables/table54.csv,"[(4, 1)]",['9.42']
99,4,0,Wie hoch ist der Anteil der Aufsichtsrat/Verwaltungsrat beteiligten von Banken 2023 bei unter 30 jährigen? ,tables/hypo57a(problematic)teil2.csv,"[(2, 2)]","['0,0 %']"
43,4,0,Wie hoch ist die Anzahl der Vollzeit-Äquivalente der unter 30 jährigen? ,tables/table47.csv,"[(3, 1)]",['680.94']
122,5,0,Wie hoch war die Anzahl der Mitarbeitenden mit unbefristetem Dienstvertrag im Jahr 2023?,tables/volks77teil3.csv,"[(2, 3)]",['3758']
25,4,0,Wie hoch ist die Anzahl der weiblichen Vollzeit-Äquivalente?,tables/table26.csv,"[(0, 1)]",['94.13']
26,3,0,Wie hoch ist das Gesamt Vollzeit-Äquivalent? ,tables/table27.csv,"[(2, 1)]",['138.48']
88,0,0,Wie hoch ist der Anteil der männlichen Teilnehmenden von Kriseninterventions- und Sicherheitsschulungen im Jahr 2022?,tables/volks84.csv,"[(1, 4)]",['463']
85,2,0,Wie hoch ist der Anteil der männlichen Mitarbeitenden mit Fuehrungsverantwortung im Jahr 2023?,tables/volks79d.csv,"[(2, 3)]",['73']
95,5,0,Wie informiert ein Unternehmen seine Aktionäre ueber seine Finanzielle Lage? ,tables/hypo23bteil3.csv,"[(5, 1)]",[' Investor Relations (z.B. Roadshows)']
115,5,0,Wie hoch war der ANteil der indirekten Emmissionen 2021?,tables/volks57j.csv,"[(2, 3)]",['3256212']
105,6,0,Worauf basieren internationale Vereinbarungen wie die Eurpäische Menschenrechtskonvention? ,tables/volks24teil2.csv,"[(5, 0)]",['Menschenrechte']
32,5,0,Wie hoch ist der Anteil der Vollzeitäquivalente der ueber 30 und unter 50 jährigen? ,tables/table33.csv,"[(4, 1)]",['116.8']
90,5,0,Wie Hoch ist der Anteil der regionalen Finanzierungen von Kunden und Kundinnen? ,tables/volks90.csv,"[(0, 4)]",['95.82%']
39,3,0,WIe hoch ist der Anteil der weiblichen Teilzeitbeschäftigten?,tables/table43.csv,"[(4, 1)]",['747.48']
123,5,0,Wie hoch war das Ergebnis der NPS Umfrage des Volksbanken-Verbund im Jahr 2023,tables/volks82teil2.csv,"[(5, 1)]",['11']
76,6,0,Wieviel kWh Strom hat die Volksbank Steiermark AG im Jahr 2021 mit erneuerbaren Energien erzeugt?,tables/volks59a.csv,"[(5, 5)]",['992317']
86,4,0,Wie viele Überstunden machen weibliche Mitarbeitende ohne Führungsverantwortung?,tables/volks81.csv,"[(4, 3)]",['41.35']
104,2,0,Wieviel Strom haben die photovoltaik Anlagen der Bank im Jahr 2022 erzeugt?,tables/hypo66teil2.csv,"[(1, 4)]",['72.307']
73,3,0,Wie viele ERGO Versicherungen haben Volksbank-Kunden in 2022?,tables/volks38.csv,"[(0, 5)]",['147189']
92,5,0,Wie hoch waren die Scope 1 Emissionen der öffentlichen Verwaltung?,tables/table9teil3.csv,"[(0, 2)]",['1249']
91,5,0,Welcher Sektor hatte Emissionen in Scope 1 und 2 von 26309t CO2 equivalent?,tables/table9teil2.csv,"[(1, 0)]",['I -   Gastgewerbe/Beherbergung und Gastronomie']
22,4,0,Wie viele auf Ebene 2 sind männlich?,tables/table23.csv,"[(1, 2)]",['21.0']
112,1,0,Wie hoch sind die marktbasierten indirekten Emissionen im Jahr 2023?,tables/volks57g.csv,"[(1, 1)]",['26.059']
104,3,0,Wie hoch war der Energieverbrauch innerhalb der Organisation für den Konzern im Jahr 2023?,tables/hypo66teil2.csv,"[(4, 1)]",['16.747.480']
6,2,0,Wie hoch waren die indirekten Emissionen im Scope 2 insgesamt?,tables/table7.csv,"[(1, 6)]",['18578']
53,2,0,In welchem Land war der Umsatzanteil in 2022 6%?,tables/hypo27.csv,"[(1, 0)]",['Deutschland']
52,5,0,Wie groß war der unmittelbar erzeugte wirtschaftliche Wert der UGB in 2022?,tables/hypo26.csv,"[(0, 4)]",['193.909']
53,3,0,Wie hoch war der Anteil am Gesamtumsatz im Jahr 2021?,tables/hypo27.csv,"[(4, 3)]",['100.00%']
113,2,0,Wie groß waren die Indirekten Emissionen der Volksbank Vorarlberg im Jahr 2022?,tables/volks57h.csv,"[(1, 2)]",['20.53']
1,1,0,Wieviele Vertreter des Aufsichtsrats hat die Raiffeisenlandesbank Oberösterreich im Vergütungsausschuss?,tables/table2.csv,"[(0, 2)]",['3']
122,6,0,Wie hoch war die Anzahl and Mitarbeitenden mit befristetem Dienstvertrag im Jahr 2023?,tables/volks77teil3.csv,"[(5, 3)]",['33']
75,3,0,Wie hoch war der Stromverbrauch der Volksbank Niederösterreich AG im Jahr 2023 in kWh?,tables/volks58.csv,"[(2, 1)]",['1.417.815']
115,6,0,Wie groß waren die direkten Emissionen des gesamten Volksbanken-Verbund im Jahr 2022?,tables/volks57j.csv,"[(0, 2)]",['2137482']
79,0,0,Wie groß war das Abfallaufkommen im Jahr 2022 in kg?,tables/volks60b.csv,"[(0, 3)]",['291509']
100,4,0,Wie hoch war der Anteil an 30-49 Jährigen mit Führungspositionen in Banken im Jahr 2022?,tables/hypo57a(problematic)teil3.csv,"[(3, 4)]","['47,0 %']"
52,6,0,Wie groß war das Ergebnis aus dem Handel im Jahr 2021 nach IFRS?,tables/hypo26.csv,"[(4, 5)]",['4.844']
13,1,0,Wie groß ist der gesamte durschnittliche VZÄ aller Beschäftigten?,tables/table14.csv,"[(0, 6)]",['6942.22']
65,3,0,Wie lautet die Hompegae der Wirschafts-Standort Vorarlberg GmbH (WISTO)?,tables/hypo23a.csv,"[(3, 1)]",['https://www.wisto.at']
65,4,0,Wie lautet die Webseite der Einlagensicherung AUSTRIA GmbH?,tables/hypo23a.csv,"[(4, 1)]",['https://www.einlagensicherung.at']
40,3,0,Wieviele männliche und weibliche Mitarbeiter befinden sich auf Ebene 2?,tables/table44.csv,"[(0, 3)]",['37.25']
66,6,0,Wie oft gibt es Veranstaltungen für Mitarbeiter?,tables/hypo23b.csv,"[(4, 2)]",['regelmÃ¤Ã\x9fig']
86,5,0,Wieviele Ausbildungsstunden hatten männliche Mitarbeitende ohne Führungsverantwortung gesamt?,tables/volks81.csv,"[(5, 3)]",['49.79']
96,6,0,Wie hoch war der beibehaltende wirtschaftliche Wert von Banken nach UGB im Jahr 2023?,tables/hypo26teil2.csv,"[(7, 2)]",['136.418']
117,6,0,Wieviel Heizwärme an nicht-erneuerbarer Energie verbrauchte die Volksbank Kärnten eG im Jahr 2021?,tables/volks59aTeil2.csv,"[(5, 5)]",['512896']
102,5,0,Wieviel sonstige indirekten THG-Emissionen verursachten Banken im Jahr 2023?,tables/hypo65bTeil2.csv,"[(0, 2)]",['974']
26,4,0,Wie groß war die VZÄ von allen männlichen Mitarbeitern?,tables/table27.csv,"[(1, 1)]",['64.27']
63,3,0,Welche indirekten Emissionen (Scope 2) in Tonnen pro Mitarbeiter wurden 2023 im Konzern gemessen?,tables/hypo65c.csv,"[(1, 1)]",['0.06']
112,2,0,Wie hoch waren die direkten Emissionen (Scope 1) der unsere bank im Tirol im Jahr 2022?,tables/volks57g.csv,"[(0, 2)]",['261.172']
79,1,0,Wie viel Abfall pro Vollzeitäquivalent in Kilogramm fiel im Jahr 2021 an?,tables/volks60b.csv,"[(1, 4)]",['91.7']
120,5,0,**Frage:** Wie hoch war der ausstehende Betrag in Millionen Euro für die Kategorie Mortgages im Rahmen der THG-Emissionen je Industriezweig für das Jahr 2023?,tables/volks61teil3.csv,"[(6, 1)]",['8566']
52,7,0,Wie hoch war der Provisionsüberschuss in  Tausend Euro für den Konzern nach International Financial Reporting Standard im Jahr 2023?,tables/hypo26.csv,"[(2, 1)]",['35.403']
23,1,0,Wie viele weibliche Vollzeitäquivalente wurden in Deutschland erfasst?,tables/table24.csv,"[(0, 2)]",['47.96']
75,4,0,Welche Organisation verursachte einen Energieverbrauch von 73.030 kWh im Jahr 2022?,tables/volks58.csv,"[(0, 0)]",['Ã\x96sterreichische Ã\x84rzte- und Apothekerbank AG']
121,6,0,Wie viele Arbeiter in Vollzeitäquivalente waren im Jahr 2021 männlich?,tables/volks77teil2.csv,"[(1, 5)]",['26']
92,6,0,Wie hoch war die Qualität gemäß PCAF-Score für Scope 1 und 2 im Sektor R (Kunst)?,tables/table9teil3.csv,"[(3, 6)]",['4.2']
107,1,0,Wie hoch waren die direkten Emissionen in Scope 1 der Volksbank Kärnten im Jahr 2023?,tables/volks57b.csv,"[(0, 1)]",['101.194']
55,3,0,"1. Wie hoch war der Betrag in Tausend EUR, der im Jahr 2023 für Wissen und Bildung ausgewiesen wurde?",tables/hypo30.csv,"[(1, 1)]",['2']
124,4,0,Wie viele Betriebsräte des Volksbanken-Verbundes waren im Jahr 2023 insgesamt in Aufsichtsräten und diversen Ausschüssen vertreten?,tables/volks87teil2.csv,"[(5, 2)]",['40']
26,5,0,Wie viele Vollzeitäquivalente waren im Jahr 2023 in der Alterskategorie über 50 Jahre vertreten?,tables/table27.csv,"[(5, 1)]",['33.19']
12,1,0,Wie hoch war die Gesamtmenge des Abfalls in der Kategorie Finanz in Tonnen?,tables/table13.csv,"[(0, 2)]",['368.76']
14,4,0,Wie viele Vollzeitbeschäftigte (VZÄ) waren insgesamt im Jahr 2023 bei den Volksbanken angestellt?,tables/table15.csv,"[(3, 5)]",['5346.33']
25,5,0,Wie viele Vollzeitäquivalente (VZÄ) gab es im Jahr 2023 in der Alterskategorie zwischen 30 und 50 Jahren?,tables/table26.csv,"[(4, 1)]",['74.59']
95,6,0,Wie oft finden Sitzungen des Aufsichtsrats im Bereich Politik und Verwaltung statt?,tables/hypo23bteil3.csv,"[(4, 2)]",['5 x jÃ¤hrlich']
106,2,0,Wie hoch waren die direkten Emissionen für Scope 1 der Österreichischen Ärzte- und Apothekerbank AG im Jahr 2022?,tables/volks57a.csv,"[(0, 2)]",['47.534']
86,6,0,Wie hoch waren die durchschnittlichen Ausbildungsstunden (Akademie) im Jahr für alle Mitarbeitenden gesamt?,tables/volks81.csv,"[(0, 4)]",['34.96']
90,6,0,Wie hoch war der Anteil der kleinen und mittleren Unternehmen (KMU) am Gesamtbetrag in TEUR im Jahr 2023?,tables/volks90.csv,"[(2, 3)]",['11742761']
38,1,0,Wie viele Vollzeitäquivalente (VZÄ) waren im Jahr 2023 für die männlichen Mitarbeitenden insgesamt angestellt?,tables/table42.csv,"[(1, 1)]",['2.16']
51,5,0,Wie viele Flugkilometer (pkm) wurden im Jahr 2023 bei Dienstreisen im Konzern geflogen?,tables/hypo67.csv,"[(4, 2)]",['202.237']
117,7,0,Wie hoch war der Heizwärmeverbrauch in kWh der Volksbank Wien AG im Jahr 2023?,tables/volks59aTeil2.csv,"[(3, 3)]",['1446470']
38,2,0,Wie hoch war der Anteil der weiblichen Mitarbeitenden im Jahr 2023 in Vollzeitäquivalenten (VZÄ)?,tables/table42.csv,"[(0, 1)]",['17.91']
43,5,0,Wie hoch war der Anteil der Mitarbeitenden über 50 Jahren im Jahr 2023 in Vollzeitäquivalenten (VZÄ)?,tables/table47.csv,"[(5, 1)]",['238.95']
56,8,0,Wie viele Männer waren im Jahr 2023 im Konzern beschäftigt?,tables/hypo54.csv,"[(8, 1)]",['387']
58,3,0,Welcher Anteil der Gesamtbelegschaft war im Jahr 2021 im Konzern im Alter von 30 bis 49 Jahren?,tables/hypo57b.csv,"[(3, 5)]","['53,50 %']"
42,2,0,Wie hoch war der Anteil der Mitarbeitenden über 50 Jahre in Vollzeitäquivalenten (VZÄ)?,tables/table46.csv,"[(2, 1)]",['1025.01']
27,2,0,Wie viele weibliche Mitarbeitende gab es in Vollzeitäquivalenten (VZÄ),tables/table28.csv,"[(0, 1)]",['67']
87,4,0,Wie hoch war der Net Promoter Score im Jahr 2023 für VB Services für Banken Ges.m.b.H.?,tables/volks82.csv,"[(2, 1)]",['-28']
9,4,0,Wie hoch waren die finanzierten THG-Emissionen (Scope 1+2) im Bereich fossile Brennstoffe?,tables/table10.csv,"[(5, 4)]",['23154']
8,5,0,"Wie hoch war der Qualität-Score des Partnership for Carbon Accounting Financials (Scope 1+2) im Sektor Wasserversorgung, Abwasser- und Abfallentsorgung und Beseitigung von Umweltverschmutzungen?",tables/table9.csv,"[(4, 6)]",['4.3']
68,2,0,In welchem Land wurden im Jahr 2023 Klimaschutzprojekte für  Gesamtpaket für Haushalte durchgeführt?,tables/hypo68b.csv,"[(3, 1)]",['Ã\x84thiopien']
21,4,0,Wie viele unbefristete Angestellte gab es insgesamt,tables/table22.csv,"[(1, 3)]",['1675.42']
118,6,0,Wie viel Heizwärme in nicht-erneuerbarer Energie (kWh) wurde im Jahr 2021 von der Volksbank Steiermark AG verbraucht?,tables/volks59aTeil3.csv,"[(2, 5)]",['1218061']
120,6,0,Wie hoch waren die THG-Emissionen (Scope 1 + 2) im Bereich Project Finance im Jahr 2023?,tables/volks61teil3.csv,"[(7, 2)]",['5321']
78,1,0,Wie hoch war der Verbrauch von Druck- und Kopierpapier in Kilogramm pro Vollzeitäquivalent im Jahr 2023?,tables/volks60a.csv,"[(1, 2)]",['240']
54,3,0,Wie hoch war der Betrag des Sustainability Bonds in TEUR im Jahr 2023?,tables/hypo29.csv,"[(2, 1)]",['51.0']
98,5,0,Wie viele Lehrlinge gab es in Jahr 2022 in Bank nach den Mitarbeiterkennzahlen (nach Köpfen zum Berichtsstichtag)?,tables/hypo54teil3.csv,"[(3, 4)]",['7']
96,7,0,Wie hoch war der Betrag der Steuern vom Einkommen und Ertrag in TEUR im Jahr 2023 für die Bank nach UGB?,tables/hypo26teil2.csv,"[(4, 2)]",['-15.177']
119,8,0,Wie hoch waren die THG-Emissionen für Scope 1 udn 2 in Tonnen CO2e im Sektor Beherbergung und Gastronomie im Jahr 2023?,tables/volks61teil2.csv,"[(3, 2)]",['25176']
121,7,0,Wie viele weibliche Arbeiter gab es im Jahr 2023 in Vollzeitäquivalenten,tables/volks77teil2.csv,"[(0, 3)]",['1']
62,6,0,Wie hoch waren die THG-Emissionen in Tonnen CO2-Äquivalent für Kfz-Kraftstoffe im Jahr 2022 für die Bank?,tables/hypo65b.csv,"[(3, 4)]",['107']
9,5,0,Wie hoch waren die finanzierten THG-Emissionen Scope 1 und 2 im Jahr 2022 im Sektor Utility | Electricity?,tables/table10.csv,"[(4, 4)]",['41594']
39,4,0,Wie viele unbefristete Angestellte gab es insgesamt in Vollzeitäquivalenten (VZÄ)?,tables/table43.csv,"[(1, 3)]",['3424.09']
60,7,0,Wie hoch war die Aus- und Weiterbildung der Frauen im Jahr 2023 für den Konzern?,tables/hypo61.csv,"[(6, 1)]",['3.5']
3,5,0,Welche klimatischen Bedingungen wurden als akute Ursache für Waldbrände identifiziert?,tables/table4.csv,"[(4, 1)]",['VerÃ¤nderung der NiederschlagsintensitÃ¤t nach unten und/oder Temperatur nach oben']
9,6,0,Wie hoch waren die finanzierten THG-Emissionen (Scope 1+2) insgesamt?,tables/table10.csv,"[(6, 4)]",['2590171']
10,4,0,Wie hoch waren die finanzierten THG-Emissionen (Scope 1+2) im Sektor PKW?,tables/table11.csv,"[(2, 4)]",['18575']
94,6,0,Wie oft nehmen Kunden an Veranstaltungen teil?,tables/hypo23bteil2.csv,"[(3, 2)]",['regelmÃ¤Ã\x9fig']
118,7,0,Wie viel nicht erneuerbare Energie (in kWh) wurde 2023 für Heizwärme bei der Volksbank Tirol AG verbraucht?,tables/volks59aTeil3.csv,"[(3, 3)]",['703114']
8,6,0,Wie hoch waren die gesamten Emissionen (Scope 1+2) im Sektor Baugewerbe/Bau (NACE Rev 1)?,tables/table9.csv,"[(5, 4)]",['140993']
104,4,0,Wie hoch war der gekaufte Stromverbrauch in kWh im Jahr 2023 für den Konzern?,tables/hypo66teil2.csv,"[(0, 1)]",['2.869.417']
55,4,0,Wie hoch war der Gesamtbetrag in Tausend Euro (TEUR) im Jahr 2022?,tables/hypo30.csv,"[(4, 2)]",['311']
75,5,0,Wie hoch war der Energieverbrauch der Volksbank Salzburg eG im Jahr 2023?,tables/volks58.csv,"[(4, 1)]",['1.218.111']
12,2,0,Wie viel ungefährlicher Abfall wurde im Bereich Nahrungsmittel erzeugt?,tables/table13.csv,"[(2, 4)]",['12298.85']
81,6,0,Wie viele Mitarbeitende nach Vollzeitäquivalenten gab es im Jahr 2023?,tables/volks77.csv,"[(3, 3)]",['3108']
37,5,0,Wie hoch war der Gesamtwert (VZÄ) für diese Kategorie?,tables/table41.csv,"[(2, 1)]",['37.12']
36,3,0,Wie hoch war die Gesamtzahl an Vollzeitäquivalenten (VZÄ) für Männer und Frauen zusammen?,tables/table37.csv,"[(3, 3)]",['424.15']
120,7,0,"Wie hoch war der ausstehende Betrag in Millionen Euro für den Sektor Gesundheits- und Sozialwesen"" im Jahr 2023?""",tables/volks61teil3.csv,"[(1, 1)]",['161']
66,7,0,Wie oft finden Mitarbeitergespräche innerhalb der Gruppe statt?,tables/hypo23b.csv,"[(6, 2)]",['jÃ¤hrlich']
54,4,0,Wie hoch ist der Betrag für Social Bond im Jahr 2022 in Tausend Euro ?,tables/hypo29.csv,"[(1, 2)]",['18.5']
86,7,0,Wie viele durchschnittliche Ausbildungsstunden in gesamt haben alle männliche Mitarbeitende?,tables/volks81.csv,"[(2, 3)]",['51.98']
84,2,0,Wie hoch ist der Prozentsatz der weablieche Mitarbeitenden ohne Führungsverantwortung im Jahr 2023?,tables/volks79c.csv,"[(1, 3)]",['63']
88,1,0,Wie viele Kriseninterventions- und Sicherheitsschulungen wurden im Jahr 2023 für Frauen durchgeführt?,tables/volks84.csv,"[(0, 3)]",['450']
77,1,0,Wie hoch war der Gesamtenergieverbrauch des Volksbanken-Verbunds im Jahr 2023 in kWh?,tables/volks59b.csv,"[(0, 2)]",['23028614']
69,5,0,"Welche wesentlichen Themen werden unter den GRI-Aspekten 201 und 305 für den Belangen gemäß NaDiVeG Umweltbelange, Sozialbelange behandelt?",tables/volks24.csv,"[(2, 0)]",['Nachhaltige Finanzierung']
86,8,0,Wie viele durchschnittliche Ausbildungsstunden hatten Mitarbeitende ohne Führungsverantwortung intern oder extern im Jahr 2023?,tables/volks81.csv,"[(3, 5)]",['9.0']
110,2,0,Wie hoch waren die direkten Emissionen (Scope 1) der Volksbank Salzburg eG im Jahr 2023?,tables/volks57e.csv,"[(0, 1)]",['69.455']
70,3,0,Wie viele Depots mit Anteilen nachhaltiger Fonds von Union Investment gab es im Jahr 2021 im Volksbanken-Verbund?,tables/volks32.csv,"[(3, 4)]",['54.022']
81,7,0,Wie viele Mitarbeitende nach Vollzeitäquivalenten gab es im Jahr 2023?,tables/volks77.csv,"[(5, 3)]",['1464']
107,2,0,Wie hoch waren die indirekten Emissionen Scope 2  location based der Volksbank Kärnten eG im Jahr 2022?,tables/volks57b.csv,"[(2, 2)]",['306.059']
120,8,0,Wie hoch waren die Gesamtemissionen (Scope 1 + 2) in Tonnen CO2e für den Industriesektor im Jahr 2023?,tables/volks61teil3.csv,"[(8, 2)]",['1222316']
68,3,0,"In welchem Land wird das Klimaschutzprojekt Kommunales Wiederaufforsten"" durchgeführt?""",tables/hypo68b.csv,"[(0, 1)]",['Nicaragua']
76,7,0,Wie hoch war der Heizwärmeverbrauch der Volksbank Salzburg eG im Jahr 2022 in kWh?,tables/volks59a.csv,"[(4, 4)]",['1400408']
71,3,0,Wie hoch war die CO2-Intensität der Wertpapierfonds im Jahr 2023 in Euros?,tables/volks33.csv,"[(0, 2)]",['102.61']
57,4,0,Wie hoch war der Prozentsatz der Vorstandsmitglieder im Alter von 0-29 Jahren im Bankensektor im Jahr 2023?,tables/hypo57a(problematic).csv,"[(2, 2)]","['0,0 %']"
94,7,0,"Welche Gruppe trifft sich regelmäßig und hat Social Media-Kanäle, eine Webseite und einen Newsletter als Mitglieder?",tables/hypo23bteil2.csv,"[(6, 0)]",['Kunden']
91,6,0,"Wie hoch waren die Emissionen (t CO2e) im Sektor Grundstücks- und Wohnungswesen"" für Scope 1+2 zum 31. Dezember 2022?""",tables/table9teil2.csv,"[(4, 4)]",['175944']
82,2,0,Wie hoch war der Prozentsatz männlicher Aufsichtsräte im Jahr 2022?,tables/volks79a.csv,"[(2, 4)]",['75']
103,5,0,Wie hoch waren die THG-Emissionen in Tonnen CO2-Äquivalent für Verpflegung (GHGP 3.1) der Bank im Jahr 2021?,tables/hypo65bTeil3.csv,"[(3, 6)]",['26']
116,4,0,Wie hoch war der Energieverbrauch (kWh) der VOLKSBANK VORARLBERG e. Gen. im Jahr 2021?,tables/volks58teil2.csv,"[(1, 3)]",['1.006.450']
87,5,0,Wie hoch war die Beteiligungsquote der VB Infrastruktur und Immobilien GmbH im Jahr 2023?,tables/volks82.csv,"[(1, 2)]",['42%']
67,6,0,Wie viel Altpapier (kg) wurde im Bankensektor im Jahr 2023 verbraucht?,tables/hypo68a.csv,"[(5, 3)]",['72452']
109,2,0,Wie hoch waren die indirekten Emissionen location based in Scope 2 der Volksbank Oberösterreich AG im Jahr 2023?,tables/volks57d.csv,"[(2, 1)]",['208.013']
58,4,0,"Wie hoch war der Anteil der Gesamtbelegschaft im Konzern im Jahr 2022, diebis 29 Jahre alt waren?",tables/hypo57b.csv,"[(2, 3)]","['19,30 %']"
64,3,0,Wie haben sich die direkten THG-Emissionen in Scope 1 der Bank im Jahr 2023 im Vergleich zu den Vorjahren verändert?,tables/hypo65d.csv,"[(0, 2)]",['-60']
122,7,0,Wie Viele weibliche Mitarbeitende in Teilzeit gab es im Jahr 2023?,tables/volks77teil3.csv,"[(0, 3)]",['1248']
124,5,0,Wieviele männliche Betriebsräte hatte die Volksbank Salzburg eG im Jahr 2023?,tables/volks87teil2.csv,"[(0, 4)]",['3']
13,2,0,Wie viele männliche Mitarbeitende im Durchschnitt gibt es im Immobiliensektor?,tables/table14.csv,"[(2, 3)]",['227.26']
53,4,0,Welchen Anteil am Umsatz hatte Österreich im Jahr 2022?,tables/hypo27.csv,"[(0, 2)]",['90.76%']
101,4,0,Welchen Prozentsatz der Angestellten ohne Führungspositionen im Bankensektor im Jahr 2022 sind 50 Jahre oder älter?,tables/hypo57a(problematic)teil4.csv,"[(4, 4)]","['24,6 %']"
4,4,0,Wie viel Energie (MWh) wurde im Jahr 2023 im Touristiksektor aus nicht erneuerbaren Quellen verbraucht?,tables/table5.csv,"[(1, 5)]",['101']
